id,first_name,last_name,email,gender,ip_address
101,Cass,Brundell,cbrundell0@geocities.com,Female,104.142.13.178
102,Barry,Wolfe,bwolfe1@free.fr,Female,137.255.3.107
103,Feliza,Mapstone,fmapstone2@hatena.ne.jp,Female,165.191.167.38
104,Bondie,O'Shavlan,boshavlan3@webeden.co.uk,Male,142.198.119.229
105,Veronique,Diboll,vdiboll4@twitpic.com,Female,75.153.43.33
106,Brandy,Gillam,bgillam5@bloomberg.com,Male,182.188.148.7
107,Di,Demangeot,ddemangeot6@furl.net,Female,190.116.217.61
108,Georgette,Apedaile,gapedaile7@washingtonpost.com,Female,195.165.76.156
109,Durant,Lawrenson,dlawrenson8@nifty.com,Male,38.113.108.63
110,Bryce,Blaker,bblaker9@globo.com,Male,185.125.159.205
111,Herman,Hallor,hhallora@huffingtonpost.com,Male,42.214.125.113
112,Freddie,Godlee,fgodleeb@nasa.gov,Female,28.216.138.91
113,Base,Kinvig,bkinvigc@amazon.co.jp,Male,19.150.109.142
114,Melony,Melby,mmelbyd@miibeian.gov.cn,Female,188.162.19.43
115,Consuelo,Greenin,cgreenine@icio.us,Female,185.109.176.215
116,Ashla,Verman,avermanf@networkadvertising.org,Female,107.87.155.94
117,Archibaldo,Bligh,ablighg@google.com.au,Male,223.16.126.62
118,Torre,M'Chirrie,tmchirrieh@is.gd,Male,202.111.2.195
119,Luce,Paige,lpaigei@so-net.ne.jp,Female,243.150.243.7
120,Adan,Jovicevic,ajovicevicj@boston.com,Male,26.61.162.232
121,Minette,Hylden,mhyldenk@usgs.gov,Female,204.145.14.29
122,Chickie,Henbury,chenburyl@google.ru,Female,145.252.85.196
123,Free,Cuthbertson,fcuthbertsonm@drupal.org,Male,153.19.137.254
124,Grethel,Pucker,gpuckern@trellian.com,Female,112.169.238.35
125,Levey,Pitchers,lpitcherso@blinklist.com,Non-binary,194.79.220.119
126,Alix,Pearlman,apearlmanp@sohu.com,Male,151.194.175.179
127,Nathanil,Korf,nkorfq@php.net,Male,47.166.211.230
128,Janeczka,Sparling,jsparlingr@webs.com,Female,52.195.74.103
129,Kirbie,Mieville,kmievilles@php.net,Female,120.100.88.130
130,Reinhold,McNysche,rmcnyschet@aboutads.info,Male,138.185.166.255
131,Eldridge,Dhennin,edhenninu@google.fr,Male,184.242.61.192
132,Renault,Wink,rwinkv@typepad.com,Male,72.22.37.90
133,Mellisa,Chastenet,mchastenetw@miitbeian.gov.cn,Female,212.78.181.5
134,Klemens,Dovey,kdoveyx@buzzfeed.com,Male,252.44.241.80
135,Giustina,Abad,gabady@symantec.com,Female,49.183.175.184
136,Tallia,Bartles,tbartlesz@ezinearticles.com,Female,218.78.79.41
137,Iorgo,Di Matteo,idimatteo10@msu.edu,Bigender,52.44.162.111
138,Randee,Liven,rliven11@oaic.gov.au,Female,175.68.218.255
139,Cassius,Van Ross,cvanross12@wufoo.com,Male,3.62.154.110
140,Winthrop,Ridges,wridges13@technorati.com,Male,46.207.209.48
141,Loleta,Featherstone,lfeatherstone14@a8.net,Female,127.183.64.223
142,Vonni,Raeside,vraeside15@feedburner.com,Female,13.166.86.71
143,Emogene,Woollard,ewoollard16@shutterfly.com,Female,197.171.203.16
144,Madlin,Kaine,mkaine17@soundcloud.com,Female,12.110.27.136
145,Regan,Kleynen,rkleynen18@wordpress.org,Male,58.3.128.53
146,Frederic,Pinson,fpinson19@ning.com,Male,67.228.201.151
147,Felicity,Barnicott,fbarnicott1a@hud.gov,Female,38.29.79.209
148,Ax,Vallery,avallery1b@twitter.com,Male,161.84.203.70
149,Rossie,Woolfitt,rwoolfitt1c@marketwatch.com,Male,204.9.169.83
150,Stearn,Avrashin,savrashin1d@123-reg.co.uk,Male,230.116.7.167
151,Igor,Paffett,ipaffett1e@digg.com,Male,129.121.49.7
152,Sande,Cakes,scakes1f@bbc.co.uk,Female,38.133.53.244
153,Chane,Bahike,cbahike1g@ucoz.com,Male,0.223.209.221
154,Birch,Crosdill,bcrosdill1h@stanford.edu,Male,247.209.15.87
155,Misha,Nickoles,mnickoles1i@shareasale.com,Female,136.159.188.149
156,Dee dee,Hattigan,dhattigan1j@hp.com,Genderqueer,193.131.179.92
157,Robbie,Oliver,roliver1k@unblog.fr,Male,119.5.231.71
158,Kaitlynn,Triggs,ktriggs1l@surveymonkey.com,Genderqueer,251.108.30.248
159,Rafferty,Alenikov,ralenikov1m@shareasale.com,Male,187.10.146.35
160,Kennan,Smallsman,ksmallsman1n@ucoz.ru,Male,187.138.140.43
161,Candie,Peers,cpeers1o@cam.ac.uk,Female,195.182.13.160
162,Erin,Walework,ewalework1p@privacy.gov.au,Female,180.110.64.95
163,Stefanie,Mantrip,smantrip1q@rediff.com,Female,8.60.90.87
164,Herbie,Hunting,hhunting1r@g.co,Male,63.249.32.88
165,Carlina,Scoles,cscoles1s@ucoz.com,Agender,147.213.193.29
166,Basilius,Kaminski,bkaminski1t@wsj.com,Male,126.20.70.167
167,Raynell,Brettel,rbrettel1u@springer.com,Female,163.96.222.112
168,Darrin,Scurrell,dscurrell1v@dmoz.org,Male,120.83.188.162
169,Addison,Abernethy,aabernethy1w@nasa.gov,Male,41.167.96.200
170,Palm,Hovey,phovey1x@craigslist.org,Male,168.57.237.159
171,Farrel,Halegarth,fhalegarth1y@pcworld.com,Male,167.35.254.32
172,Carley,De Blasi,cdeblasi1z@ftc.gov,Female,156.86.202.50
173,Cristi,Petriello,cpetriello20@noaa.gov,Female,250.162.26.190
174,Mellie,Sawyer,msawyer21@cisco.com,Female,21.12.189.254
175,Huntlee,Rigmond,hrigmond22@statcounter.com,Male,21.122.191.39
176,Marco,Slaten,mslaten23@nydailynews.com,Male,20.32.96.145
177,Jonathan,Bulfield,jbulfield24@nytimes.com,Male,120.92.3.63
178,Jessika,Sorro,jsorro25@spiegel.de,Genderfluid,126.119.232.9
179,Dorisa,Ethridge,dethridge26@mail.ru,Female,248.103.71.237
180,Dulsea,Raven,draven27@reuters.com,Female,149.139.240.194
181,Blithe,Busain,bbusain28@multiply.com,Polygender,189.130.223.241
182,Emelen,Marshland,emarshland29@wisc.edu,Male,93.107.59.251
183,Renado,Kornalik,rkornalik2a@newyorker.com,Male,203.203.35.236
184,Leslie,Record,lrecord2b@parallels.com,Male,123.89.57.132
185,Nicolle,Mossop,nmossop2c@chron.com,Female,122.102.31.43
186,Lukas,Rickasse,lrickasse2d@vinaora.com,Male,49.234.170.12
187,Patric,Casellas,pcasellas2e@wikispaces.com,Male,105.51.221.70
188,Melly,Gummie,mgummie2f@dell.com,Female,197.117.85.108
189,Laird,Begbie,lbegbie2g@netscape.com,Male,103.181.104.124
190,Dolf,Piesing,dpiesing2h@disqus.com,Male,189.255.140.13
191,Patricio,Ivamy,pivamy2i@hibu.com,Male,17.214.11.176
192,Saxe,Leathem,sleathem2j@yahoo.co.jp,Male,177.248.8.241
193,Tim,Horsburgh,thorsburgh2k@multiply.com,Male,128.49.96.148
194,Alphonse,Oates,aoates2l@about.com,Male,29.177.94.27
195,Tammara,Giral,tgiral2m@house.gov,Female,230.88.49.231
196,Euell,Mascall,emascall2n@vimeo.com,Male,105.50.247.44
197,Murielle,Waddilove,mwaddilove2o@theglobeandmail.com,Female,111.111.224.71
198,Sinclair,Perfili,sperfili2p@netscape.com,Male,93.197.116.104
199,Petrina,Wolfart,pwolfart2q@irs.gov,Female,149.29.11.61
200,Jasper,Chansonne,jchansonne2r@macromedia.com,Male,208.235.74.6
