id,first_name,last_name,email,gender,ip_address
1,Morlee,Romanini,mromanini0@dagondesign.com,Male,91.103.253.10
2,Tibold,Gynni,tgynni1@trellian.com,Genderfluid,158.195.79.148
3,Thornie,Bellsham,tbellsham2@paginegialle.it,Male,57.37.82.21
4,Dorelle,Coppard,dcoppard3@oakley.com,Genderqueer,90.59.244.229
5,Shayne,Pittock,spittock4@examiner.com,Male,53.16.109.184
6,Ayn,Hannay,ahannay5@archive.org,Female,239.124.153.123
7,Leupold,Willatt,lwillatt6@cisco.com,Male,172.154.70.52
8,Sallee,Ioselev,sioselev7@furl.net,Female,42.21.100.219
9,Beau,Phant,bphant8@upenn.edu,Bigender,115.54.12.222
10,Haily,Clinton,hclinton9@howstuffworks.com,Female,48.99.32.254
11,Joletta,Twinberrow,jtwinberrowa@senate.gov,Agender,51.23.25.219
12,Zak,Sherburn,zsherburnb@economist.com,Male,223.250.201.241
13,Izzy,Mullett,imullettc@wikispaces.com,Male,52.139.133.55
14,Henrie,McClinton,hmcclintond@senate.gov,Female,251.5.132.66
15,Elly,Dickings,edickingse@cdc.gov,Female,243.97.43.139
16,Ignatius,Fassan,ifassanf@lulu.com,Bigender,208.51.137.227
17,Cozmo,Cowl,ccowlg@vkontakte.ru,Male,40.254.1.237
18,Dianemarie,Rennocks,drennocksh@youku.com,Genderfluid,165.255.41.159
19,Hatty,O'Longain,holongaini@dmoz.org,Female,236.251.111.60
20,Tobi,Fores,tforesj@auda.org.au,Female,37.170.21.183
21,Susana,Cleobury,scleoburyk@squidoo.com,Female,202.20.77.87
22,Jamil,Le Provost,jleprovostl@cloudflare.com,Male,226.29.200.91
23,Gage,Ofener,gofenerm@elegantthemes.com,Male,139.195.169.184
24,Reade,Digg,rdiggn@smh.com.au,Male,5.190.142.24
25,Dana,Windridge,dwindridgeo@prweb.com,Female,119.102.237.186
26,Noah,Jados,njadosp@rakuten.co.jp,Male,42.156.242.164
27,Cary,Betser,cbetserq@columbia.edu,Male,58.71.180.89
28,Niki,Furmonger,nfurmongerr@yale.edu,Male,151.88.12.128
29,Hyatt,O'Clery,hoclerys@cmu.edu,Male,105.196.250.219
30,Carroll,Duligall,cduligallt@slate.com,Male,181.151.6.48
31,Lauri,Gawke,lgawkeu@liveinternet.ru,Genderqueer,163.31.202.173
32,Marya,Briztman,mbriztmanv@imdb.com,Female,109.125.48.197
33,Wendeline,McHaffy,wmchaffyw@i2i.jp,Female,73.197.173.131
34,Sofie,Mulhall,smulhallx@google.nl,Female,160.56.4.133
35,Anders,Corson,acorsony@nsw.gov.au,Male,2.164.79.174
36,Antonio,Zarfai,azarfaiz@t-online.de,Male,200.48.251.156
37,Tony,Huzzey,thuzzey10@cbc.ca,Female,105.165.209.136
38,Selie,Clemendot,sclemendot11@oakley.com,Female,122.181.3.16
39,Adan,Kernell,akernell12@prweb.com,Non-binary,147.190.200.164
40,Meaghan,Nation,mnation13@ibm.com,Female,177.206.84.149
41,Timoteo,Wyborn,twyborn14@prnewswire.com,Male,25.168.51.199
42,Ford,Satcher,fsatcher15@webnode.com,Male,13.72.143.131
43,Elwin,Calafate,ecalafate16@who.int,Male,129.52.15.125
44,Shane,Jahnke,sjahnke17@icq.com,Male,210.217.74.46
45,Phylis,Esser,pesser18@springer.com,Female,92.181.148.215
46,Marchall,Krelle,mkrelle19@mozilla.com,Male,166.40.123.145
47,Veronique,Gladwin,vgladwin1a@businesswire.com,Bigender,151.181.174.91
48,Stephi,Dumingos,sdumingos1b@amazon.co.jp,Female,183.7.178.101
49,Tomasine,Pounsett,tpounsett1c@cam.ac.uk,Female,179.45.111.246
50,Dotty,Kershaw,dkershaw1d@house.gov,Female,117.51.121.135
51,Ruddie,Gilffillan,rgilffillan1e@yolasite.com,Male,220.112.100.44
52,Michel,Burney,mburney1f@spiegel.de,Female,156.94.82.110
53,Findlay,Esplin,fesplin1g@java.com,Male,203.180.231.199
54,Dulcy,De Cruz,ddecruz1h@wisc.edu,Female,211.129.234.74
55,Nadiya,Gilardengo,ngilardengo1i@elegantthemes.com,Female,79.93.121.14
56,Tibold,Ferencowicz,tferencowicz1j@ycombinator.com,Male,39.104.230.147
57,Guss,Gantzman,ggantzman1k@infoseek.co.jp,Male,48.116.42.180
58,Jayne,Hardan,jhardan1l@ted.com,Female,219.130.208.131
59,Barnabas,Pachta,bpachta1m@cocolog-nifty.com,Male,242.113.169.76
60,Marquita,Gadsden,mgadsden1n@nyu.edu,Female,207.136.223.114
61,Bartholomeo,Da Costa,bdacosta1o@ftc.gov,Male,200.50.255.44
62,Timoteo,Sedgman,tsedgman1p@cmu.edu,Male,248.167.218.36
63,Rowena,Merrick,rmerrick1q@hhs.gov,Female,157.141.235.188
64,Antonino,Chellingworth,achellingworth1r@mlb.com,Male,122.217.34.66
65,Valentina,Sooley,vsooley1s@dailymotion.com,Female,57.85.146.83
66,Germaine,Tomkiss,gtomkiss1t@so-net.ne.jp,Male,90.36.183.84
67,Grata,Brooksby,gbrooksby1u@nba.com,Female,49.64.14.163
68,Heidi,Wiper,hwiper1v@guardian.co.uk,Female,84.186.147.80
69,Loutitia,Vandrill,lvandrill1w@acquirethisname.com,Female,86.90.218.36
70,Sayre,Cersey,scersey1x@freewebs.com,Male,90.0.79.130
71,Ranice,Wiggam,rwiggam1y@cargocollective.com,Genderfluid,42.212.165.193
72,Antoine,Senn,asenn1z@kickstarter.com,Non-binary,98.130.181.77
73,Daniella,Michie,dmichie20@biglobe.ne.jp,Polygender,173.89.57.61
74,Rozamond,Duesbury,rduesbury21@delicious.com,Female,161.100.79.145
75,Claiborne,Playfair,cplayfair22@ask.com,Male,163.27.200.134
76,Neville,Itscowics,nitscowics23@uiuc.edu,Male,98.75.246.227
77,Rocky,Mirams,rmirams24@reuters.com,Male,248.199.20.42
78,Robin,Jorissen,rjorissen25@mozilla.org,Female,64.29.96.91
79,Peirce,MattiCCI,pmatticci26@sina.com.cn,Male,66.58.43.75
80,Klarrisa,Brammar,kbrammar27@xrea.com,Bigender,4.50.231.42
81,Kacey,Drain,kdrain28@sina.com.cn,Female,82.170.113.67
82,Gavra,Meegin,gmeegin29@google.fr,Female,168.10.222.232
83,Gallard,Allsop,gallsop2a@acquirethisname.com,Male,70.136.77.38
84,Yoshiko,Treen,ytreen2b@disqus.com,Female,5.166.230.114
85,Nikki,Ambler,nambler2c@1688.com,Male,43.94.55.53
86,Hurleigh,Lamacraft,hlamacraft2d@dell.com,Male,33.227.72.17
87,Eada,MacKellar,emackellar2e@hibu.com,Female,24.223.171.108
88,Clint,Peddel,cpeddel2f@unblog.fr,Genderqueer,249.239.44.22
89,Craggie,Dafter,cdafter2g@boston.com,Genderfluid,21.156.235.51
90,Jennie,Goodayle,jgoodayle2h@blogger.com,Female,4.182.64.139
91,Hermie,Sockell,hsockell2i@toplist.cz,Male,196.88.176.3
92,Vanny,Downse,vdownse2j@infoseek.co.jp,Female,109.100.22.206
93,Arly,Tempest,atempest2k@cpanel.net,Female,131.154.11.184
94,Eleanor,Woodthorpe,ewoodthorpe2l@biglobe.ne.jp,Female,109.228.74.215
95,Sloane,Leffek,sleffek2m@hao123.com,Male,246.12.59.75
96,Webb,Golding,wgolding2n@tumblr.com,Genderfluid,144.174.102.147
97,Krystal,Bohike,kbohike2o@yelp.com,Female,55.105.247.19
98,Denys,Steffan,dsteffan2p@hubpages.com,Female,25.162.183.155
99,Moria,McLeod,mmcleod2q@paginegialle.it,Female,192.166.148.250
100,Sylvan,Krzyzanowski,skrzyzanowski2r@gizmodo.com,Male,151.95.193.50
