id,first_name,last_name,email,gender,ip_address
201,Abagail,Balogh,abalogh0@weibo.com,Female,52.251.136.28
202,Lucien,Rowthorn,lrowthorn1@mit.edu,Male,32.172.200.247
203,Bat,Dann,bdann2@nature.com,Male,44.29.72.165
204,Addie,Andryushchenko,aandryushchenko3@google.com.hk,Polygender,120.94.93.206
205,Etienne,Klink,eklink4@boston.com,Male,62.33.138.214
206,Salomone,Zellner,szellner5@ed.gov,Male,127.8.83.114
207,Charles,Reicharz,creicharz6@nba.com,Male,149.229.35.106
208,Brucie,Horbath,bhorbath7@discuz.net,Male,123.207.179.127
209,Mercy,Davidove,mdavidove8@hp.com,Female,33.128.140.195
210,Susi,Shakspeare,sshakspeare9@list-manage.com,Female,141.82.29.122
211,Mill,Malden,mmaldena@bravesites.com,Male,16.165.181.53
212,Elnar,Becke,ebeckeb@ebay.com,Male,92.136.148.64
213,Janice,Sterrie,jsterriec@quantcast.com,Female,45.156.65.254
214,Lawrence,Rubinfeld,lrubinfeldd@aol.com,Male,116.56.73.150
215,Renell,Kreutzer,rkreutzere@purevolume.com,Female,217.124.4.219
216,Daria,Hoggetts,dhoggettsf@sfgate.com,Genderfluid,236.58.31.119
217,Inna,Durbyn,idurbyng@nydailynews.com,Female,140.191.102.156
218,Cheri,Christy,cchristyh@networkadvertising.org,Female,52.181.229.175
219,Pierre,Baish,pbaishi@home.pl,Male,205.76.232.61
220,Gayel,Frotton,gfrottonj@furl.net,Female,164.114.31.230
221,Fleurette,Gaber,fgaberk@businessinsider.com,Genderfluid,31.96.220.118
222,Jedidiah,Griswood,jgriswoodl@reverbnation.com,Male,9.117.171.183
223,Ardene,Eddowes,aeddowesm@stanford.edu,Female,122.176.206.202
224,Wade,Eixenberger,weixenbergern@huffingtonpost.com,Male,10.22.136.203
225,Anastasia,Mundee,amundeeo@yahoo.co.jp,Female,133.90.222.155
226,Hillier,Sill,hsillp@ow.ly,Male,94.175.176.130
227,Lynette,Nestor,lnestorq@nytimes.com,Female,32.223.47.195
228,Colet,Parnall,cparnallr@yahoo.com,Male,211.119.95.46
229,Nannie,Elsdon,nelsdons@nbcnews.com,Agender,68.191.100.39
230,Brion,Cranmor,bcranmort@facebook.com,Male,244.190.211.208
231,Em,Chadband,echadbandu@networksolutions.com,Male,117.57.27.131
232,Amaleta,Dungey,adungeyv@g.co,Female,139.108.105.69
233,Melinda,Beadles,mbeadlesw@latimes.com,Female,147.39.19.236
234,Hedvig,Jaggli,hjagglix@wiley.com,Non-binary,109.203.129.112
235,Moyra,Takos,mtakosy@booking.com,Female,168.48.59.221
236,Claresta,Brownill,cbrownillz@moonfruit.com,Female,75.219.46.164
237,Ivonne,Crolla,icrolla10@thetimes.co.uk,Non-binary,32.110.19.22
238,Car,Hinrich,chinrich11@free.fr,Male,47.200.122.191
239,Katleen,Allingham,kallingham12@boston.com,Female,97.131.233.91
240,Fernandina,Sea,fsea13@patch.com,Female,42.202.239.255
241,Aileen,Casazza,acasazza14@free.fr,Female,24.43.36.13
242,Trisha,Maskew,tmaskew15@mayoclinic.com,Female,192.51.60.125
243,Alejandra,Thaller,athaller16@g.co,Female,118.117.120.31
244,Rosette,Simmon,rsimmon17@wsj.com,Female,117.231.229.76
245,Marcelia,Smorthit,msmorthit18@ustream.tv,Female,135.193.246.57
246,Sorcha,Beckenham,sbeckenham19@shareasale.com,Female,84.217.159.52
247,Floyd,Holdren,fholdren1a@imdb.com,Male,31.111.56.146
248,Ron,Ivoshin,rivoshin1b@myspace.com,Non-binary,227.170.108.25
249,Rozalie,Backes,rbackes1c@chron.com,Female,69.19.203.25
250,Xena,More,xmore1d@sina.com.cn,Female,50.57.1.32
251,Broddy,Prall,bprall1e@sciencedaily.com,Male,69.156.29.27
252,Rudiger,Syder,rsyder1f@smugmug.com,Male,38.34.124.19
253,Emma,Mateo,emateo1g@google.es,Female,243.40.42.176
254,Verla,Pethybridge,vpethybridge1h@ow.ly,Female,204.246.61.8
255,Sammie,Dupree,sdupree1i@hibu.com,Male,98.225.114.168
256,Mayne,MacRonald,mmacronald1j@salon.com,Male,23.134.120.156
257,Natassia,Macrow,nmacrow1k@soundcloud.com,Agender,149.218.167.101
258,Stu,Feldklein,sfeldklein1l@pen.io,Male,10.102.145.147
259,Stefano,Geraldo,sgeraldo1m@abc.net.au,Male,78.218.96.97
260,Galvin,Rubroe,grubroe1n@china.com.cn,Male,97.87.22.241
261,Emmy,Briatt,ebriatt1o@jimdo.com,Male,42.0.28.209
262,Idette,Haggart,ihaggart1p@wordpress.com,Female,105.235.85.34
263,Jodie,Tackell,jtackell1q@vkontakte.ru,Male,90.145.113.130
264,Juieta,Rosenbarg,jrosenbarg1r@mail.ru,Female,13.106.196.233
265,Frank,Barents,fbarents1s@seattletimes.com,Male,231.19.110.171
266,Wenona,George,wgeorge1t@accuweather.com,Female,58.227.254.59
267,Errick,Conville,econville1u@bloglines.com,Male,158.203.204.14
268,Micheal,Shackel,mshackel1v@apple.com,Male,134.23.131.126
269,Valida,Lidgely,vlidgely1w@china.com.cn,Female,195.218.14.113
270,Irita,Dabner,idabner1x@xinhuanet.com,Female,181.63.38.120
271,Ethelin,Innes,einnes1y@mlb.com,Female,135.224.214.49
272,Kippar,Jenman,kjenman1z@com.com,Male,57.206.69.100
273,Melosa,Heinsen,mheinsen20@time.com,Female,35.226.112.57
274,Ardelia,Constantinou,aconstantinou21@adobe.com,Genderfluid,138.162.84.164
275,Palmer,Beaudry,pbeaudry22@whitehouse.gov,Male,126.33.101.11
276,Garry,Quayle,gquayle23@home.pl,Male,81.104.22.216
277,Revkah,Longridge,rlongridge24@microsoft.com,Female,151.202.246.8
278,Jermaine,Seson,jseson25@mozilla.com,Male,18.217.151.74
279,Taylor,Drexel,tdrexel26@moonfruit.com,Male,38.227.4.249
280,Nels,Ricketts,nricketts27@yolasite.com,Male,10.50.224.199
281,Aristotle,Tineman,atineman28@china.com.cn,Male,11.252.24.61
282,Alain,Pedersen,apedersen29@guardian.co.uk,Male,167.13.211.33
283,Rustin,Dugood,rdugood2a@oracle.com,Male,89.234.71.214
284,Napoleon,Macconaghy,nmacconaghy2b@aboutads.info,Male,26.36.213.241
285,Gerrard,Lambin,glambin2c@blogs.com,Male,136.132.137.87
286,Debera,Baty,dbaty2d@google.nl,Female,55.34.25.69
287,Flem,MacGinley,fmacginley2e@ca.gov,Male,124.178.55.5
288,Malchy,Dioniso,mdioniso2f@netlog.com,Male,64.77.249.83
289,Dayna,Van der Krui,dvanderkrui2g@woothemes.com,Female,99.61.77.11
290,Reed,Westley,rwestley2h@google.nl,Male,129.137.159.167
291,Lucian,Dealy,ldealy2i@last.fm,Male,77.172.204.236
292,Deeann,Lawley,dlawley2j@independent.co.uk,Female,128.243.81.141
293,Marv,Elwell,melwell2k@amazon.co.uk,Male,199.146.68.113
294,Wolfie,Gullan,wgullan2l@weibo.com,Male,64.142.113.133
295,Orion,Neumann,oneumann2m@vk.com,Male,61.117.61.243
296,Dell,Flaverty,dflaverty2n@nationalgeographic.com,Female,235.242.165.39
297,Rubin,Aleksankov,raleksankov2o@illinois.edu,Male,188.99.61.54
298,Mandi,Hebborn,mhebborn2p@e-recht24.de,Female,88.8.87.36
299,Davy,Chellenham,dchellenham2q@yahoo.co.jp,Male,53.23.71.148
300,Rosene,Atter,ratter2r@businesswire.com,Female,179.58.136.163
301,Cullin,Aim,caim2s@howstuffworks.com,Male,14.91.95.187
302,Lorry,Ciciari,lciciari2t@uiuc.edu,Male,45.141.148.158
303,Lilah,Lafont,llafont2u@cargocollective.com,Female,61.23.40.115
304,Darcee,Isack,disack2v@pinterest.com,Female,142.182.155.173
305,Faythe,Lardeur,flardeur2w@msu.edu,Female,48.129.24.172
306,Gill,Valti,gvalti2x@dyndns.org,Female,168.124.22.80
307,Amelita,Casarino,acasarino2y@netvibes.com,Female,229.69.136.95
308,Lura,Dix,ldix2z@ebay.com,Female,46.203.181.229
309,Ly,Swafford,lswafford30@amazon.com,Male,177.195.18.199
310,Chloette,Viccars,cviccars31@ameblo.jp,Female,79.160.128.136
311,Linn,Pointer,lpointer32@sina.com.cn,Male,246.58.72.42
312,Wood,Buey,wbuey33@behance.net,Male,77.9.232.144
313,Cornall,Crooke,ccrooke34@elegantthemes.com,Male,251.122.159.184
314,Juan,Birdwistle,jbirdwistle35@mapy.cz,Male,49.222.255.244
315,Alvy,MacKerley,amackerley36@artisteer.com,Male,124.95.220.157
316,Amberly,Leamy,aleamy37@homestead.com,Female,238.41.87.105
317,Zola,Manners,zmanners38@clickbank.net,Female,250.66.50.69
318,Enrique,Chappell,echappell39@springer.com,Male,72.20.216.102
319,Meris,Rosenbaum,mrosenbaum3a@unicef.org,Female,170.17.150.10
320,Hillery,Lefort,hlefort3b@thetimes.co.uk,Male,213.76.200.123
321,Tessie,Swanger,tswanger3c@forbes.com,Female,154.47.52.84
322,Brendan,Burrel,bburrel3d@reverbnation.com,Male,92.205.95.112
323,Maxwell,Whebell,mwhebell3e@ebay.co.uk,Male,21.184.177.120
324,Tom,Battrick,tbattrick3f@mozilla.com,Male,19.248.231.141
325,Shirl,Paladino,spaladino3g@google.co.jp,Female,129.80.196.53
326,Kaleb,Diben,kdiben3h@boston.com,Male,3.34.109.186
327,Lew,Cheke,lcheke3i@edublogs.org,Male,148.22.129.52
328,Clarette,Laidlaw,claidlaw3j@adobe.com,Female,172.134.73.169
329,Gram,Sandlin,gsandlin3k@geocities.jp,Male,61.14.12.181
330,Misha,Casillis,mcasillis3l@businesswire.com,Female,134.208.200.54
331,Rebeka,Dahle,rdahle3m@rediff.com,Female,222.54.139.166
332,Tiff,Clover,tclover3n@mlb.com,Female,228.20.211.241
333,Cliff,Capper,ccapper3o@webmd.com,Male,61.224.24.93
334,Llywellyn,Holdey,lholdey3p@gov.uk,Male,174.30.126.56
335,Syd,Gimbart,sgimbart3q@google.es,Male,188.135.254.232
336,Nyssa,Goldstraw,ngoldstraw3r@dot.gov,Female,137.65.239.10
337,Calypso,Jaze,cjaze3s@quantcast.com,Female,117.210.205.156
338,Ambur,Walkowski,awalkowski3t@yale.edu,Female,6.100.67.155
339,Lyda,Ibbett,libbett3u@nytimes.com,Female,111.203.128.208
340,Lion,Newlove,lnewlove3v@dailymotion.com,Male,57.36.5.181
341,Veronike,Curnnok,vcurnnok3w@indiatimes.com,Female,131.76.26.57
342,Lisbeth,Lanceter,llanceter3x@mac.com,Female,247.47.22.23
343,Maryrose,Western,mwestern3y@si.edu,Female,108.41.220.170
344,Eli,Coysh,ecoysh3z@gov.uk,Male,161.241.98.191
345,Latrena,Hassur,lhassur40@marketwatch.com,Female,68.41.98.14
346,Lesya,Montford,lmontford41@constantcontact.com,Female,125.174.233.83
347,Aaron,Whitelock,awhitelock42@whitehouse.gov,Male,78.65.38.218
348,Celestine,Bolens,cbolens43@diigo.com,Female,136.2.7.185
349,Kinny,Gerdes,kgerdes44@google.fr,Male,87.39.132.143
350,Mano,Sayle,msayle45@rakuten.co.jp,Male,126.63.111.28
351,Betty,Webster,bwebster46@paginegialle.it,Female,247.224.18.241
352,Domeniga,Godsil,dgodsil47@booking.com,Female,168.106.102.10
353,Rosalia,Bonifant,rbonifant48@webeden.co.uk,Female,69.99.0.226
354,Clay,Lawn,clawn49@parallels.com,Male,207.55.215.30
355,Bendick,Varrow,bvarrow4a@blogtalkradio.com,Male,179.6.119.250
356,Judith,Spadaro,jspadaro4b@nyu.edu,Female,22.89.66.151
357,Dita,Chatan,dchatan4c@artisteer.com,Female,96.146.111.183
358,Porter,L'Homme,plhomme4d@jimdo.com,Male,237.74.70.99
359,Audy,Trobe,atrobe4e@networksolutions.com,Genderqueer,74.255.101.55
360,Dyna,Ghiroldi,dghiroldi4f@engadget.com,Female,83.95.52.61
361,Hestia,Husselbee,hhusselbee4g@github.io,Female,18.209.72.88
362,Genovera,Willan,gwillan4h@parallels.com,Female,103.11.159.189
363,Palm,Sides,psides4i@whitehouse.gov,Male,78.72.58.180
364,Slade,Rotham,srotham4j@eepurl.com,Male,31.91.111.36
365,Mar,Vasile,mvasile4k@desdev.cn,Male,12.123.24.31
366,Katha,Kubal,kkubal4l@google.pl,Female,237.177.9.19
367,Mortie,Haveline,mhaveline4m@360.cn,Male,124.165.237.135
368,Barris,Snedker,bsnedker4n@cam.ac.uk,Male,194.252.213.235
369,Cordelia,Sirl,csirl4o@reverbnation.com,Female,252.248.5.217
370,Lindy,Doick,ldoick4p@usatoday.com,Male,18.8.66.35
371,Sammy,Auger,sauger4q@mashable.com,Female,102.44.225.5
372,Culley,Linck,clinck4r@redcross.org,Male,66.182.49.28
373,Nikolai,Addess,naddess4s@1und1.de,Male,190.83.101.5
374,Raymond,McGhee,rmcghee4t@bloomberg.com,Male,164.93.83.11
375,Dorena,Brauner,dbrauner4u@wikimedia.org,Female,208.24.170.75
376,Fayina,Pedreschi,fpedreschi4v@delicious.com,Female,98.105.136.167
377,Salim,Ohanessian,sohanessian4w@paginegialle.it,Polygender,11.61.179.127
378,Cati,Moakler,cmoakler4x@google.com.br,Polygender,175.63.213.115
379,Sven,Pfaff,spfaff4y@nymag.com,Male,252.15.125.104
380,Olivette,Bohike,obohike4z@skyrock.com,Female,251.14.183.206
381,Daphene,Baurerich,dbaurerich50@apache.org,Female,53.143.167.150
382,Faustine,Petruskevich,fpetruskevich51@toplist.cz,Female,196.142.68.253
383,Clare,Dowty,cdowty52@multiply.com,Male,49.109.52.41
384,Matt,Parks,mparks53@virginia.edu,Male,21.216.127.174
385,Dre,Banbrook,dbanbrook54@homestead.com,Female,50.201.166.114
386,Gordan,Lytton,glytton55@amazon.co.jp,Male,189.30.88.255
387,Stafford,Dagnall,sdagnall56@marketwatch.com,Male,164.242.93.11
388,Sheree,Laughlin,slaughlin57@cbc.ca,Female,122.80.229.177
389,Nikolaos,Vasilischev,nvasilischev58@list-manage.com,Male,149.7.171.255
390,Jacky,Poinsett,jpoinsett59@lulu.com,Male,114.67.30.99
391,Juan,Matuszynski,jmatuszynski5a@discovery.com,Male,125.154.145.117
392,Virginie,Vargas,vvargas5b@indiegogo.com,Non-binary,81.181.142.138
393,Salomi,Campione,scampione5c@artisteer.com,Female,38.37.83.128
394,Sidney,Bolmann,sbolmann5d@photobucket.com,Male,253.239.79.211
395,Melli,Leggan,mleggan5e@wordpress.org,Female,74.174.42.236
396,Ludovico,Perello,lperello5f@vkontakte.ru,Male,192.156.33.69
397,Clint,Scullion,cscullion5g@imdb.com,Male,151.112.228.252
398,Abbot,Sygrove,asygrove5h@creativecommons.org,Male,34.190.41.119
399,Kiele,Doiley,kdoiley5i@altervista.org,Female,9.235.121.47
400,Katharine,Gedge,kgedge5j@state.tx.us,Female,61.9.240.90
401,Lavena,Bottle,lbottle5k@ask.com,Female,62.187.87.255
402,Mark,Crumley,mcrumley5l@abc.net.au,Male,255.55.251.215
403,Trever,Poluzzi,tpoluzzi5m@apache.org,Male,190.25.130.144
404,Pavel,Jukubczak,pjukubczak5n@mlb.com,Male,223.205.54.68
405,Sergio,McCormack,smccormack5o@mail.ru,Polygender,144.63.26.63
406,Bobbie,Romanini,bromanini5p@google.ru,Male,71.39.111.108
407,Pepita,Rastall,prastall5q@newyorker.com,Female,84.37.184.63
408,Lou,Skurm,lskurm5r@indiegogo.com,Male,200.112.127.94
409,Town,Klewi,tklewi5s@wufoo.com,Male,23.88.205.168
410,Carmelita,Durno,cdurno5t@goo.ne.jp,Female,140.116.167.6
411,Jonathon,Orsay,jorsay5u@cocolog-nifty.com,Male,56.15.171.83
412,Alec,Havelin,ahavelin5v@posterous.com,Genderfluid,0.185.229.168
413,Toddy,Pleasants,tpleasants5w@bravesites.com,Male,110.28.124.210
414,Adelind,Davidovicz,adavidovicz5x@moonfruit.com,Female,217.121.215.194
415,Pavlov,Cannan,pcannan5y@ibm.com,Male,172.119.76.11
416,Faydra,Casa,fcasa5z@instagram.com,Female,69.221.69.232
417,Lester,Segebrecht,lsegebrecht60@ocn.ne.jp,Male,167.216.210.208
418,Sybil,Belvard,sbelvard61@go.com,Genderfluid,33.137.55.85
419,Allayne,Prout,aprout62@rambler.ru,Male,234.178.58.61
420,Guido,Dowden,gdowden63@webmd.com,Male,86.242.188.75
421,Alan,Joyce,ajoyce64@telegraph.co.uk,Male,72.1.91.247
422,Skipper,Brawn,sbrawn65@joomla.org,Male,251.85.249.44
423,Clarisse,Comello,ccomello66@virginia.edu,Female,66.59.255.20
424,Rosanna,Spender,rspender67@moonfruit.com,Female,57.254.27.99
425,Rica,Sopper,rsopper68@godaddy.com,Female,244.28.208.41
426,Maude,Gergus,mgergus69@boston.com,Female,136.30.116.28
427,Lucius,Hundell,lhundell6a@alexa.com,Male,80.201.63.29
428,Weider,Bowring,wbowring6b@bbc.co.uk,Male,35.57.8.244
429,Catharina,Ricart,cricart6c@gizmodo.com,Female,165.87.143.236
430,Maurice,Goodburn,mgoodburn6d@census.gov,Male,185.52.175.174
431,Willdon,D'Onise,wdonise6e@sitemeter.com,Male,144.76.99.46
432,Helaina,Orkney,horkney6f@ucsd.edu,Female,16.116.27.5
433,Paulette,Kilalea,pkilalea6g@plala.or.jp,Female,52.88.35.103
434,Flory,Frohock,ffrohock6h@histats.com,Male,138.142.76.129
435,Molli,Dinse,mdinse6i@nps.gov,Female,113.43.11.119
436,Staci,Tydeman,stydeman6j@usgs.gov,Female,100.195.108.11
437,Junie,Reiach,jreiach6k@parallels.com,Female,191.23.129.106
438,Doris,Waymont,dwaymont6l@qq.com,Female,215.71.208.34
439,Christal,Whetton,cwhetton6m@paginegialle.it,Female,60.206.75.93
440,Aeriell,Doidge,adoidge6n@google.pl,Female,159.91.6.9
441,Francisca,Corkitt,fcorkitt6o@freewebs.com,Female,172.71.185.30
442,Fredrika,Fryd,ffryd6p@businesswire.com,Female,204.145.143.182
443,Ricard,Bus,rbus6q@washingtonpost.com,Male,52.141.115.27
444,Pippo,Robak,probak6r@wikimedia.org,Male,125.78.219.141
445,Giordano,McGlaughn,gmcglaughn6s@psu.edu,Male,38.212.121.194
446,Ardisj,Bulgen,abulgen6t@jimdo.com,Female,98.93.31.88
447,Bent,Prebble,bprebble6u@pinterest.com,Male,18.53.80.57
448,West,Flatman,wflatman6v@cmu.edu,Male,64.235.130.5
449,Salvidor,Gierek,sgierek6w@ustream.tv,Genderfluid,240.24.250.216
450,Mahala,Nevison,mnevison6x@about.com,Female,128.117.180.218
451,Bren,de Quincey,bdequincey6y@ocn.ne.jp,Male,157.171.68.64
452,Kalila,Edelmann,kedelmann6z@blog.com,Female,137.76.14.97
453,Amelie,Bonnick,abonnick70@usgs.gov,Female,254.161.4.66
454,Dniren,Lohrensen,dlohrensen71@ibm.com,Female,58.225.225.168
455,Aarika,Fleet,afleet72@skyrock.com,Female,174.228.15.114
456,Claire,MacSorley,cmacsorley73@youku.com,Female,52.5.246.131
457,Lethia,Pendleberry,lpendleberry74@devhub.com,Female,179.66.234.122
458,Roland,Edward,redward75@goo.gl,Male,125.163.116.110
459,Sutton,Shobbrook,sshobbrook76@chron.com,Male,22.202.176.44
460,Dorree,Maior,dmaior77@parallels.com,Female,26.28.128.217
461,Shepperd,Leacock,sleacock78@lulu.com,Male,12.25.89.158
462,Flemming,Elderkin,felderkin79@nhs.uk,Male,158.102.102.170
463,Kennedy,Udy,kudy7a@un.org,Male,109.30.159.205
464,Boigie,Farfalameev,bfarfalameev7b@google.com.hk,Male,89.47.10.115
465,Myrvyn,Abbotson,mabbotson7c@meetup.com,Male,75.197.132.0
466,Clemens,Hindrick,chindrick7d@taobao.com,Male,201.219.198.228
467,Kerry,Mixter,kmixter7e@bloglines.com,Female,83.217.118.148
468,Chelsey,Maeer,cmaeer7f@taobao.com,Female,154.22.247.201
469,Edith,Fryers,efryers7g@nasa.gov,Female,203.9.185.0
470,Hew,Lodeke,hlodeke7h@amazon.co.jp,Male,207.66.242.85
471,Boycey,Archibald,barchibald7i@rambler.ru,Male,245.155.235.149
472,Haywood,Olander,holander7j@scientificamerican.com,Male,149.94.33.17
473,Sharron,Corrigan,scorrigan7k@twitpic.com,Female,181.83.125.88
474,Domingo,Longcake,dlongcake7l@privacy.gov.au,Male,133.73.161.61
475,Izaak,Leasor,ileasor7m@cdbaby.com,Male,135.183.84.80
476,Arie,Rowbotham,arowbotham7n@omniture.com,Male,130.217.58.155
477,Noell,Brandel,nbrandel7o@statcounter.com,Genderqueer,2.148.252.175
478,Sigismond,Stockow,sstockow7p@w3.org,Male,20.27.12.64
479,Sayre,Strelitz,sstrelitz7q@taobao.com,Genderfluid,42.218.196.107
480,Wilbert,Schwaiger,wschwaiger7r@newsvine.com,Male,112.46.70.131
481,Fletcher,Chester,fchester7s@cbslocal.com,Male,196.247.209.129
482,Linc,Shout,lshout7t@theguardian.com,Male,1.113.20.41
483,Corliss,Fawlkes,cfawlkes7u@google.ru,Female,65.81.45.134
484,Hynda,Housley,hhousley7v@sakura.ne.jp,Female,243.124.141.214
485,Sylvester,Knight,sknight7w@samsung.com,Male,204.159.43.162
486,Nicol,Ewart,newart7x@samsung.com,Male,221.183.20.29
487,Merry,Stoltz,mstoltz7y@statcounter.com,Male,36.76.185.51
488,Gardiner,Kinnerley,gkinnerley7z@gmpg.org,Male,147.33.25.220
489,Meier,Skipton,mskipton80@hibu.com,Male,245.208.211.107
490,Ginny,Marchello,gmarchello81@moonfruit.com,Non-binary,18.176.81.130
491,Giraud,Locker,glocker82@thetimes.co.uk,Male,215.196.244.74
492,Poul,Iacobacci,piacobacci83@blog.com,Male,69.90.127.79
493,Marielle,Cleminson,mcleminson84@umn.edu,Female,181.6.210.238
494,Enos,Pieroni,epieroni85@pbs.org,Male,137.29.7.173
495,Yolanda,Ciccotti,yciccotti86@pagesperso-orange.fr,Female,160.97.42.216
496,Giovanni,Bacher,gbacher87@blogger.com,Male,138.162.105.166
497,Maurice,Crowche,mcrowche88@tmall.com,Male,208.42.73.115
498,Odell,Deason,odeason89@barnesandnoble.com,Male,66.22.24.42
499,Gris,Marcq,gmarcq8a@scribd.com,Male,133.192.45.158
500,Shandy,Paskins,spaskins8b@nationalgeographic.com,Female,200.62.92.170
501,Sal,Kennham,skennham8c@toplist.cz,Female,108.138.74.212
502,Peter,Measor,pmeasor8d@ycombinator.com,Male,11.160.86.50
503,Rayner,MacGregor,rmacgregor8e@freewebs.com,Male,98.145.97.246
504,Bernadina,Jirak,bjirak8f@dagondesign.com,Female,198.173.238.77
505,Carolus,Jarman,cjarman8g@tripadvisor.com,Male,247.227.217.239
506,Hannis,Puttick,hputtick8h@bbc.co.uk,Female,230.237.188.201
507,Krystle,Esmonde,kesmonde8i@qq.com,Female,215.170.183.104
508,Reidar,Greenham,rgreenham8j@guardian.co.uk,Male,187.60.17.7
509,Lita,Cribbins,lcribbins8k@a8.net,Female,33.142.185.129
510,Kristin,Rowaszkiewicz,krowaszkiewicz8l@ask.com,Female,42.21.169.86
511,Darius,Aberhart,daberhart8m@ox.ac.uk,Male,50.91.199.32
512,Prue,Yearne,pyearne8n@sbwire.com,Female,74.120.142.35
513,Justinian,Armes,jarmes8o@toplist.cz,Male,130.188.214.18
514,Sandie,Ledram,sledram8p@elpais.com,Female,250.205.80.1
515,Sigismund,Loukes,sloukes8q@mac.com,Male,99.61.220.216
516,Elinore,Battram,ebattram8r@tiny.cc,Female,127.197.43.60
517,Kellen,Gabbot,kgabbot8s@google.de,Female,178.250.104.169
518,Danna,Dickens,ddickens8t@lycos.com,Female,192.189.89.52
519,Athene,Heaven,aheaven8u@dagondesign.com,Female,55.21.253.253
520,Mandel,Dakhno,mdakhno8v@behance.net,Male,23.189.248.39
521,Moses,Coveny,mcoveny8w@com.com,Male,244.231.101.90
522,Brande,Edmett,bedmett8x@comcast.net,Female,40.59.128.121
523,Catriona,Kose,ckose8y@imdb.com,Female,132.3.105.175
524,Jennie,MacCahee,jmaccahee8z@adobe.com,Female,39.35.123.140
525,Marion,Hardcastle,mhardcastle90@free.fr,Female,225.120.132.50
526,Demetris,Cartmell,dcartmell91@theguardian.com,Female,156.203.4.253
527,Yovonnda,Clyma,yclyma92@mayoclinic.com,Female,59.51.162.63
528,Mirna,Carlisso,mcarlisso93@un.org,Female,102.154.172.100
529,Marlow,Peris,mperis94@cdbaby.com,Male,156.21.193.192
530,Hans,Shorthouse,hshorthouse95@cloudflare.com,Male,6.152.46.228
531,Garnet,Vivian,gvivian96@boston.com,Agender,14.78.175.178
532,Mollie,Hintze,mhintze97@1und1.de,Polygender,71.188.148.246
533,Graham,Dufaur,gdufaur98@blogger.com,Male,83.179.92.103
534,Caresse,Wanjek,cwanjek99@nhs.uk,Female,149.10.76.206
535,Bogart,Faudrie,bfaudrie9a@narod.ru,Male,48.136.250.57
536,Magdaia,Tunn,mtunn9b@umn.edu,Female,53.171.164.189
537,Jaquenette,Gillatt,jgillatt9c@uol.com.br,Female,64.20.178.80
538,Ermin,McKenny,emckenny9d@wunderground.com,Genderfluid,221.80.112.206
539,Lynnette,Speck,lspeck9e@cafepress.com,Female,149.248.252.242
540,Dav,Laundon,dlaundon9f@nasa.gov,Male,182.196.227.112
541,Auria,Belward,abelward9g@google.ca,Female,173.162.125.64
542,Dell,Pippin,dpippin9h@moonfruit.com,Female,15.188.227.221
543,Shandra,Dacca,sdacca9i@imdb.com,Female,11.244.176.243
544,Eben,Masson,emasson9j@cdbaby.com,Bigender,217.20.54.199
545,Britta,Solomonides,bsolomonides9k@paginegialle.it,Polygender,79.102.121.226
546,Idalia,Newnham,inewnham9l@hubpages.com,Female,88.35.27.202
547,Andria,Etherton,aetherton9m@godaddy.com,Female,48.61.240.107
548,Mercie,Evamy,mevamy9n@typepad.com,Bigender,86.172.64.84
549,Wye,Cheesman,wcheesman9o@vinaora.com,Male,130.71.229.46
550,Pet,Heeney,pheeney9p@senate.gov,Female,240.50.41.44
551,Gloria,MacClay,gmacclay9q@addtoany.com,Female,252.229.63.204
552,Jillane,Massinger,jmassinger9r@opensource.org,Genderfluid,123.118.245.198
553,Torrence,Dionisetto,tdionisetto9s@wordpress.com,Male,253.177.221.247
554,Jamaal,Heggadon,jheggadon9t@example.com,Male,43.20.222.197
555,Rosella,Scading,rscading9u@theatlantic.com,Female,125.83.244.76
556,Iormina,Wraith,iwraith9v@cocolog-nifty.com,Female,129.20.141.99
557,Stavros,Ashling,sashling9w@craigslist.org,Male,189.241.121.77
558,Idalina,Foulsham,ifoulsham9x@jigsy.com,Female,126.179.97.10
559,Mart,Earp,mearp9y@sitemeter.com,Male,38.188.78.94
560,Murvyn,Carthew,mcarthew9z@histats.com,Genderqueer,54.49.63.232
561,Ivor,Sandeman,isandemana0@yahoo.co.jp,Male,128.215.50.105
562,Ignacius,Brocks,ibrocksa1@comsenz.com,Male,208.109.164.11
563,Coletta,Lavalde,clavaldea2@weebly.com,Female,75.151.102.249
564,Theresina,Toward,ttowarda3@chronoengine.com,Genderfluid,154.73.233.178
565,Meghann,Biggam,mbiggama4@themeforest.net,Female,11.47.165.169
566,Pauly,Linne,plinnea5@slashdot.org,Male,14.148.147.84
567,Erin,Eisikowitz,eeisikowitza6@springer.com,Male,82.232.186.172
568,Phillida,Sandyfirth,psandyfirtha7@ucoz.com,Female,151.138.44.193
569,Johnna,Bunclark,jbunclarka8@liveinternet.ru,Agender,134.17.149.53
570,Niko,Germain,ngermaina9@artisteer.com,Male,149.233.185.87
571,Farrah,Bernasek,fbernasekaa@facebook.com,Female,233.65.21.120
572,Risa,Wealthall,rwealthallab@icq.com,Female,98.180.218.231
573,Emmalyn,Piatto,epiattoac@webnode.com,Female,118.26.201.204
574,Deva,Premble,dpremblead@gnu.org,Female,216.234.201.149
575,Eugenius,Gremain,egremainae@globo.com,Male,140.183.239.79
576,Anny,Patise,apatiseaf@goodreads.com,Female,8.66.45.218
577,Jacintha,Jerg,jjergag@diigo.com,Female,47.224.15.72
578,Chlo,Pyle,cpyleah@barnesandnoble.com,Female,159.90.90.255
579,Kaylee,Hully,khullyai@nydailynews.com,Female,169.248.29.125
580,Merl,Petlyura,mpetlyuraaj@ibm.com,Female,133.245.233.56
581,Junette,Phuprate,jphuprateak@disqus.com,Genderqueer,240.103.89.9
582,Desmund,Dulany,ddulanyal@over-blog.com,Male,40.184.80.247
583,Felike,Laviste,flavisteam@slideshare.net,Male,28.102.221.57
584,Roley,Flear,rflearan@imgur.com,Male,40.50.55.176
585,Claudell,Yates,cyatesao@1688.com,Male,24.42.169.7
586,Karmen,Costelloe,kcostelloeap@whitehouse.gov,Female,108.36.243.170
587,Caria,Haggerty,chaggertyaq@reuters.com,Female,99.116.74.169
588,Artus,Locarno,alocarnoar@techcrunch.com,Male,252.217.243.243
589,Margi,Sephton,msephtonas@narod.ru,Female,203.217.137.26
590,Malina,Bladder,mbladderat@netlog.com,Female,157.150.243.109
591,Balduin,Lansly,blanslyau@timesonline.co.uk,Male,79.167.217.164
592,Gerick,Sworn,gswornav@github.io,Bigender,28.241.96.182
593,Finn,Exroll,fexrollaw@wunderground.com,Male,240.117.56.210
594,Moria,Dhillon,mdhillonax@zdnet.com,Female,6.217.231.48
595,Charmine,Hoyland,choylanday@meetup.com,Female,169.97.8.19
596,Christopher,Cluet,ccluetaz@intel.com,Male,164.35.186.63
597,Daron,Sammons,dsammonsb0@webs.com,Male,8.134.138.77
598,Javier,Sargeant,jsargeantb1@delicious.com,Male,174.92.25.17
599,Jecho,Confort,jconfortb2@hud.gov,Male,150.89.244.116
600,Wake,Stoffer,wstofferb3@businessinsider.com,Male,249.30.122.220
601,Delly,Meron,dmeronb4@google.co.jp,Female,147.206.138.85
602,Alic,Tollow,atollowb5@delicious.com,Male,238.63.108.7
603,Barrie,Whitmarsh,bwhitmarshb6@amazon.co.jp,Female,141.157.206.168
604,Sax,Mildmott,smildmottb7@theatlantic.com,Male,157.179.159.227
605,Ruttger,Gwilym,rgwilymb8@slate.com,Male,23.114.91.156
606,Wayland,Anning,wanningb9@wp.com,Male,12.146.186.71
607,Lucia,Beeswing,lbeeswingba@jiathis.com,Female,18.172.94.169
608,Kordula,Cavolini,kcavolinibb@army.mil,Female,69.138.199.175
609,Caroline,Ferns,cfernsbc@ask.com,Female,72.88.158.181
610,Gabbi,Habbes,ghabbesbd@uiuc.edu,Female,216.216.160.76
611,Florian,Reedman,freedmanbe@nasa.gov,Male,98.73.85.38
612,Irene,Wybrew,iwybrewbf@zimbio.com,Female,113.168.133.22
613,Ikey,Mesnard,imesnardbg@vimeo.com,Male,232.60.235.203
614,Tirrell,Dalziel,tdalzielbh@meetup.com,Male,234.185.58.193
615,John,Luffman,jluffmanbi@hc360.com,Male,177.95.252.157
616,Berni,Iannitti,biannittibj@barnesandnoble.com,Female,28.75.78.4
617,Brooke,De Few,bdefewbk@sphinn.com,Male,102.21.237.240
618,Ophelie,Alyoshin,oalyoshinbl@wikia.com,Female,172.102.169.10
619,Ahmed,Snoddy,asnoddybm@aol.com,Male,55.46.130.121
620,Paula,Collman,pcollmanbn@behance.net,Female,83.89.139.151
621,Northrop,Ballintime,nballintimebo@unblog.fr,Male,212.15.47.52
622,Catharine,Gager,cgagerbp@washingtonpost.com,Female,115.108.147.241
623,Annis,Naul,anaulbq@gnu.org,Female,148.8.242.93
624,Morie,Hallyburton,mhallyburtonbr@printfriendly.com,Male,43.39.194.120
625,Russ,Jessard,rjessardbs@dion.ne.jp,Male,213.85.226.115
626,Josiah,Cancelier,jcancelierbt@dailymotion.com,Male,169.135.139.121
627,Briny,de Zamora,bdezamorabu@deliciousdays.com,Female,179.135.78.118
628,Rachel,Boldock,rboldockbv@nasa.gov,Female,24.55.12.184
629,Blane,Leverich,bleverichbw@census.gov,Male,205.59.191.158
630,Ogdon,Milsted,omilstedbx@de.vu,Male,37.44.236.25
631,Mendy,McAw,mmcawby@seattletimes.com,Male,224.184.110.37
632,Lorrie,Matzeitis,lmatzeitisbz@e-recht24.de,Male,27.111.38.152
633,Delly,Percy,dpercyc0@hubpages.com,Non-binary,105.47.173.173
634,Jere,Ketteringham,jketteringhamc1@a8.net,Male,237.175.205.127
635,Jon,Wyllie,jwylliec2@independent.co.uk,Male,203.86.16.54
636,Jarad,Drowsfield,jdrowsfieldc3@sakura.ne.jp,Male,57.182.136.238
637,Meridith,Sutcliff,msutcliffc4@ovh.net,Female,144.246.156.133
638,Lonna,Matuszyk,lmatuszykc5@amazon.co.uk,Female,217.19.171.100
639,Mollee,Westphalen,mwestphalenc6@joomla.org,Female,80.99.34.155
640,Kalvin,Feaveer,kfeaveerc7@ftc.gov,Male,1.213.162.68
641,Bernardina,Gauler,bgaulerc8@berkeley.edu,Female,225.228.232.35
642,Pandora,Buffy,pbuffyc9@ed.gov,Agender,250.156.157.214
643,Kimble,Tarbox,ktarboxca@jugem.jp,Male,69.165.223.121
644,Evered,Desantis,edesantiscb@narod.ru,Male,37.44.212.129
645,Rosalynd,Klich,rklichcc@shinystat.com,Female,87.34.165.91
646,Wyndham,Janway,wjanwaycd@sphinn.com,Bigender,98.225.10.84
647,Nealon,Brimm,nbrimmce@techcrunch.com,Male,106.152.85.44
648,Kaine,Debrett,kdebrettcf@imdb.com,Male,62.93.176.64
649,Florry,Vedishchev,fvedishchevcg@nytimes.com,Genderfluid,255.66.114.183
650,Ira,McElroy,imcelroych@army.mil,Male,39.235.13.184
651,Ephrem,Gaiford,egaifordci@ameblo.jp,Male,124.132.38.92
652,Harris,Pendred,hpendredcj@gov.uk,Male,137.145.243.91
653,Hubert,Gillett,hgillettck@china.com.cn,Genderfluid,165.2.82.58
654,Delmer,Rockhill,drockhillcl@skype.com,Male,172.231.28.198
655,Krispin,Orr,korrcm@mysql.com,Male,22.20.57.15
656,Ilse,Brisard,ibrisardcn@pcworld.com,Female,165.234.242.76
657,Jannel,Tallquist,jtallquistco@bing.com,Female,218.12.176.205
658,Kelsy,Lathleiffure,klathleiffurecp@sakura.ne.jp,Female,222.110.213.178
659,Padraig,Bullas,pbullascq@booking.com,Male,206.189.60.177
660,Loralee,Mantripp,lmantrippcr@hubpages.com,Bigender,21.16.117.144
661,Tricia,Haxley,thaxleycs@wix.com,Female,109.31.62.149
662,Ginelle,McAne,gmcanect@marriott.com,Female,3.178.69.249
663,Leicester,Drinkhall,ldrinkhallcu@skyrock.com,Male,239.182.169.249
664,Estele,Halfpenny,ehalfpennycv@elpais.com,Female,53.7.236.195
665,Dotti,Doley,ddoleycw@mapy.cz,Female,36.225.86.152
666,Karim,Wilstead,kwilsteadcx@zimbio.com,Male,215.24.192.155
667,Haskell,Stollman,hstollmancy@opensource.org,Male,217.133.135.82
668,Loralee,Falvey,lfalveycz@facebook.com,Female,102.110.212.17
669,Shaine,Celes,scelesd0@fotki.com,Male,151.94.21.106
670,Fredric,Ellsworthe,fellsworthed1@technorati.com,Male,107.16.34.54
671,Gram,Birmingham,gbirminghamd2@goodreads.com,Male,94.44.218.203
672,Burg,McGeaney,bmcgeaneyd3@mlb.com,Male,81.31.98.91
673,Ker,Denziloe,kdenziloed4@amazon.com,Agender,172.117.216.131
674,Lucia,Mussalli,lmussallid5@dion.ne.jp,Female,88.226.252.217
675,Erena,Polkinhorn,epolkinhornd6@sfgate.com,Female,21.135.70.244
676,Bran,Crewe,bcrewed7@shutterfly.com,Male,15.103.62.163
677,Adella,Stainton - Skinn,astaintonskinnd8@epa.gov,Female,121.182.237.78
678,Anne,Denzey,adenzeyd9@foxnews.com,Female,156.205.247.45
679,Aubrie,Checci,acheccida@nifty.com,Female,81.70.38.63
680,Gav,Rubertis,grubertisdb@last.fm,Male,188.192.197.81
681,Lou,Kryszkiecicz,lkryszkieciczdc@reddit.com,Female,95.255.137.240
682,Karie,Notman,knotmandd@123-reg.co.uk,Female,234.209.214.227
683,Melisa,Weerdenburg,mweerdenburgde@alexa.com,Female,217.243.235.15
684,Eddy,Guterson,egutersondf@bigcartel.com,Female,93.177.170.83
685,Dayle,Attrill,dattrilldg@huffingtonpost.com,Female,114.208.177.70
686,Tammy,Cave,tcavedh@geocities.com,Female,55.20.42.37
687,Tabbi,Brandham,tbrandhamdi@mac.com,Female,173.224.168.98
688,Mic,Yorath,myorathdj@telegraph.co.uk,Male,131.93.152.4
689,Hersh,Klossmann,hklossmanndk@photobucket.com,Male,243.46.247.21
690,Corrie,Roadknight,croadknightdl@eepurl.com,Male,167.98.91.124
691,Linnea,Myner,lmynerdm@slideshare.net,Female,47.155.196.100
692,Roana,Floyde,rfloydedn@oaic.gov.au,Female,95.104.220.105
693,Eddie,Tuttle,etuttledo@ucoz.com,Male,189.237.66.114
694,Scotty,Raun,sraundp@hatena.ne.jp,Male,13.147.252.117
695,Heath,Radbourn,hradbourndq@meetup.com,Female,53.105.64.39
696,Charlotte,Mustoe,cmustoedr@gravatar.com,Female,44.155.62.193
697,Dorene,Yosselevitch,dyosselevitchds@shop-pro.jp,Agender,45.211.158.18
698,Theodoric,Delap,tdelapdt@reference.com,Male,190.231.69.16
699,Ash,Blick,ablickdu@eepurl.com,Male,224.27.29.78
700,Wolfgang,Giff,wgiffdv@theatlantic.com,Male,240.41.125.88
701,Daloris,Curror,dcurrordw@elegantthemes.com,Female,15.119.5.209
702,Joelynn,Coggen,jcoggendx@sina.com.cn,Female,252.80.254.200
703,Philippa,Jacketts,pjackettsdy@walmart.com,Female,92.43.226.216
704,Jerrie,Shetliff,jshetliffdz@zimbio.com,Male,122.76.231.78
705,Wiatt,Grimble,wgrimblee0@slashdot.org,Male,117.41.183.24
706,Briano,Tippler,btipplere1@networkadvertising.org,Male,178.42.124.75
707,Delmor,Kundt,dkundte2@seattletimes.com,Male,97.104.23.6
708,Diahann,Gude,dgudee3@theatlantic.com,Female,183.11.227.119
709,Benson,Dawby,bdawbye4@wikimedia.org,Male,117.126.6.53
710,Cathrin,Lauchlan,clauchlane5@1688.com,Bigender,106.64.124.126
711,Pavia,Ridolfi,pridolfie6@t-online.de,Female,196.204.130.19
712,Joly,Guislin,jguisline7@mtv.com,Female,57.224.229.234
713,Clemente,Shippard,cshipparde8@chicagotribune.com,Male,47.114.122.251
714,Normie,Mauvin,nmauvine9@bloglovin.com,Male,148.36.59.99
715,Austin,Baldung,abaldungea@joomla.org,Male,88.191.128.166
716,Ravid,Langham,rlanghameb@exblog.jp,Male,141.159.229.93
717,Shae,Bareham,sbarehamec@bravesites.com,Female,175.188.251.53
718,Abdul,Blackburn,ablackburned@msu.edu,Male,151.236.23.198
719,Juieta,Cairns,jcairnsee@tiny.cc,Female,230.8.183.125
720,Marget,Goldsby,mgoldsbyef@globo.com,Non-binary,134.15.27.18
721,Merle,Roder,mrodereg@infoseek.co.jp,Female,124.130.136.166
722,Micheal,Alejandro,malejandroeh@narod.ru,Agender,60.223.84.249
723,Jerrome,Campa,jcampaei@simplemachines.org,Male,27.19.161.0
724,Neal,Sidebotham,nsidebothamej@parallels.com,Male,37.121.162.148
725,Karrah,O'Sharkey,kosharkeyek@flickr.com,Female,217.71.51.45
726,Kristy,Calderbank,kcalderbankel@tripod.com,Female,128.64.4.212
727,Charmion,Odam,codamem@spiegel.de,Female,60.5.165.87
728,Mickie,Di Filippo,mdifilippoen@npr.org,Male,157.32.87.146
729,Glenn,Atter,gattereo@addtoany.com,Male,251.125.23.231
730,Ashla,Overy,aoveryep@blogger.com,Female,222.36.169.139
731,Willard,MacNeachtain,wmacneachtaineq@huffingtonpost.com,Male,186.208.251.225
732,Randy,Pinchon,rpinchoner@wix.com,Male,168.39.129.86
733,Enos,Allingham,eallinghames@google.ru,Male,1.115.104.219
734,Saunderson,Hugonnet,shugonnetet@a8.net,Male,34.22.176.12
735,Fidel,Fass,ffasseu@google.com.au,Male,204.69.89.197
736,Germaine,Tuhy,gtuhyev@loc.gov,Male,1.29.2.89
737,Rebecca,Thorogood,rthorogoodew@un.org,Female,76.67.206.144
738,Gilda,De Bischof,gdebischofex@apache.org,Female,155.203.35.153
739,Smitty,Mayho,smayhoey@tripadvisor.com,Male,88.10.108.175
740,Nanine,Humber,nhumberez@artisteer.com,Female,233.84.208.207
741,Osmund,Chalmers,ochalmersf0@altervista.org,Male,96.133.157.113
742,Farleigh,Seager,fseagerf1@skype.com,Male,123.111.246.182
743,Filberte,Rolles,frollesf2@discovery.com,Male,76.35.199.103
744,Maxie,Pallin,mpallinf3@ow.ly,Female,207.152.155.126
745,Tim,Queen,tqueenf4@arizona.edu,Genderfluid,214.120.83.217
746,Kirbee,Whitely,kwhitelyf5@digg.com,Female,138.93.149.119
747,Walsh,Mushawe,wmushawef6@nifty.com,Male,156.174.97.43
748,Daphene,Purselowe,dpurselowef7@buzzfeed.com,Female,135.210.205.170
749,Ricard,Aitkenhead,raitkenheadf8@addthis.com,Male,175.13.95.8
750,Beverley,Shuter,bshuterf9@oracle.com,Female,153.135.226.56
751,Leticia,Sweedy,lsweedyfa@vkontakte.ru,Female,137.125.211.243
752,Shoshana,Kiddy,skiddyfb@engadget.com,Female,30.100.218.109
753,Kay,Brogden,kbrogdenfc@istockphoto.com,Female,10.147.214.97
754,Moses,Assaf,massaffd@sciencedaily.com,Male,202.85.121.197
755,Guido,Watting,gwattingfe@canalblog.com,Male,129.74.223.207
756,Rowe,Halls,rhallsff@youku.com,Female,174.36.183.101
757,Lacee,Blewett,lblewettfg@github.com,Female,163.37.41.197
758,Ellwood,Horsewood,ehorsewoodfh@mayoclinic.com,Male,81.95.81.63
759,Barry,Scrimshaw,bscrimshawfi@google.es,Male,32.79.200.212
760,Barnie,Olman,bolmanfj@mayoclinic.com,Male,120.163.70.241
761,Mariele,Webbe,mwebbefk@nba.com,Female,42.48.76.247
762,Jamima,Anderl,janderlfl@buzzfeed.com,Bigender,20.88.78.222
763,Kimbell,Parram,kparramfm@tripadvisor.com,Bigender,191.108.239.85
764,Katine,Driffield,kdriffieldfn@dmoz.org,Female,40.170.58.183
765,Zacharia,Lannen,zlannenfo@goodreads.com,Bigender,154.44.113.120
766,Marion,Frosdick,mfrosdickfp@privacy.gov.au,Female,69.1.139.197
767,Jackie,Walworche,jwalworchefq@census.gov,Male,117.134.136.103
768,Zedekiah,Mattiessen,zmattiessenfr@edublogs.org,Male,24.187.0.173
769,Britney,Kiellor,bkiellorfs@cnbc.com,Female,112.230.77.149
770,Micheline,Grishinov,mgrishinovft@guardian.co.uk,Female,251.76.90.228
771,Israel,Reynault,ireynaultfu@ft.com,Male,130.255.117.53
772,Stanleigh,Croydon,scroydonfv@google.nl,Male,21.123.17.219
773,Bobbi,Ivashchenko,bivashchenkofw@gizmodo.com,Female,213.221.255.4
774,Skippy,Woolley,swoolleyfx@joomla.org,Male,234.233.71.218
775,Collen,Goggan,cgogganfy@disqus.com,Female,156.107.130.139
776,Suzette,Arnaudin,sarnaudinfz@ox.ac.uk,Female,73.241.9.231
777,Alejandra,Pietraszek,apietraszekg0@amazonaws.com,Female,93.100.236.11
778,Colin,Stredder,cstredderg1@i2i.jp,Male,71.3.124.134
779,Jana,Cubin,jcubing2@pbs.org,Female,36.39.159.95
780,Nikki,Jirousek,njirousekg3@histats.com,Male,104.45.203.108
781,Gisella,Monketon,gmonketong4@ucsd.edu,Female,113.242.78.69
782,Godfrey,Stelfox,gstelfoxg5@mtv.com,Male,6.5.139.159
783,Jasper,Ivanishchev,jivanishchevg6@mit.edu,Male,77.76.184.13
784,Stanford,Harbinson,sharbinsong7@umn.edu,Male,102.27.4.237
785,Anne-corinne,Pilkinton,apilkintong8@google.com.au,Female,21.166.241.7
786,Robin,Treske,rtreskeg9@sbwire.com,Female,215.142.97.23
787,Melvyn,Scrinage,mscrinagega@behance.net,Non-binary,81.146.53.97
788,Alisha,Faithfull,afaithfullgb@dmoz.org,Female,125.28.9.76
789,Jacqueline,Dominguez,jdominguezgc@icq.com,Non-binary,84.15.159.24
790,Connor,Chark,ccharkgd@rambler.ru,Male,179.232.196.36
791,Valentina,Ballston,vballstonge@google.es,Female,123.151.48.124
792,Petr,Sima,psimagf@cdc.gov,Male,3.239.183.161
793,Jacinthe,Roback,jrobackgg@youtube.com,Female,229.67.158.112
794,Bonny,Sherel,bsherelgh@jimdo.com,Female,251.41.114.82
795,Wit,Halpine,whalpinegi@hp.com,Male,41.129.158.9
796,Clarita,Akeherst,cakeherstgj@tumblr.com,Female,13.94.208.229
797,Janet,Woodthorpe,jwoodthorpegk@amazon.co.jp,Female,33.246.93.227
798,Nana,Perry,nperrygl@fema.gov,Female,78.90.51.156
799,Merrill,Baress,mbaressgm@edublogs.org,Male,152.254.60.78
800,Llewellyn,Venable,lvenablegn@arstechnica.com,Male,59.27.193.116
801,Glynn,Brunn,gbrunngo@zdnet.com,Male,148.42.100.72
802,Adriena,Edgehill,aedgehillgp@wisc.edu,Female,249.195.165.58
803,Rudolph,Vauter,rvautergq@theglobeandmail.com,Male,177.182.78.253
804,Archy,Downing,adowninggr@blogtalkradio.com,Male,252.96.223.20
805,Aubrette,Gripton,agriptongs@google.co.uk,Female,71.105.67.36
806,Nancey,Robel,nrobelgt@howstuffworks.com,Bigender,24.69.175.76
807,Rosette,Benois,rbenoisgu@chron.com,Female,224.58.128.161
808,Andrej,Heaps,aheapsgv@ycombinator.com,Genderqueer,220.253.91.77
809,Nye,Labusch,nlabuschgw@slate.com,Male,25.8.243.103
810,Terence,Mourge,tmourgegx@smugmug.com,Male,77.89.5.119
811,Abelard,Adrian,aadriangy@gov.uk,Male,218.173.9.89
812,Sibelle,Benfell,sbenfellgz@soundcloud.com,Female,190.53.64.255
813,Gris,Zielinski,gzielinskih0@washington.edu,Male,117.127.101.211
814,Sigismund,Haggerstone,shaggerstoneh1@yandex.ru,Male,12.56.77.77
815,Celka,Wyeth,cwyethh2@microsoft.com,Female,58.82.127.210
816,Catlaina,Scothorne,cscothorneh3@linkedin.com,Female,3.79.206.91
817,Shandeigh,Milner,smilnerh4@slashdot.org,Female,105.74.106.116
818,Tracy,Scadden,tscaddenh5@blogtalkradio.com,Female,8.208.150.178
819,Genni,Reame,greameh6@vimeo.com,Female,205.14.67.129
820,Maurise,Lantuff,mlantuffh7@ask.com,Male,14.143.165.46
821,Ambrosius,Patrone,apatroneh8@discuz.net,Male,2.163.75.254
822,Annetta,Durant,aduranth9@tripadvisor.com,Female,61.169.11.142
823,Glyn,Witcombe,gwitcombeha@cmu.edu,Polygender,36.39.160.13
824,Randee,Prangle,rpranglehb@usgs.gov,Female,48.64.205.153
825,Rowland,Licquorish,rlicquorishhc@nps.gov,Male,49.62.77.123
826,Lowe,Kiehnlt,lkiehnlthd@printfriendly.com,Male,65.78.137.39
827,Neil,Casillis,ncasillishe@wordpress.org,Male,65.56.231.150
828,Erma,Manketell,emanketellhf@ihg.com,Female,173.158.164.135
829,Madelaine,Chrippes,mchrippeshg@oaic.gov.au,Female,232.66.187.153
830,Charley,Muriel,cmurielhh@ucoz.com,Male,254.76.23.126
831,Sharlene,Gallant,sgallanthi@soundcloud.com,Female,224.81.110.3
832,Jordanna,Gerardeaux,jgerardeauxhj@privacy.gov.au,Female,96.33.159.71
833,Didi,Gabotti,dgabottihk@bbc.co.uk,Female,27.123.117.235
834,Keri,Grimmert,kgrimmerthl@earthlink.net,Female,100.27.204.229
835,Mendel,Danzelman,mdanzelmanhm@creativecommons.org,Male,96.211.86.44
836,Darlleen,Thunnercliffe,dthunnercliffehn@umich.edu,Female,120.98.144.204
837,Aksel,Minget,amingetho@uiuc.edu,Male,33.1.202.202
838,Laurella,Humphrys,lhumphryshp@ebay.co.uk,Female,108.234.119.170
839,Shayla,Corington,scoringtonhq@google.nl,Female,38.111.111.213
840,Carrie,Spiteri,cspiterihr@sciencedirect.com,Female,120.104.131.5
841,Raimondo,Windous,rwindoushs@cbsnews.com,Male,199.89.74.179
842,Juliette,Shewry,jshewryht@paginegialle.it,Female,54.138.193.203
843,Janela,Wicher,jwicherhu@census.gov,Female,66.25.130.100
844,Osmond,Chesser,ochesserhv@wired.com,Genderqueer,188.15.197.166
845,Karol,Rase,krasehw@chron.com,Female,126.240.84.49
846,Sybilla,Connerly,sconnerlyhx@taobao.com,Female,49.130.176.175
847,Annemarie,Canton,acantonhy@ifeng.com,Female,141.246.3.19
848,Dita,Adicot,dadicothz@marketwatch.com,Female,231.122.233.68
849,Ludvig,Tebbut,ltebbuti0@house.gov,Male,255.35.142.206
850,Gerik,Billham,gbillhami1@mayoclinic.com,Male,192.250.102.45
851,Berte,Kinnach,bkinnachi2@dell.com,Female,32.4.131.49
852,Rowan,Hoyland,rhoylandi3@dagondesign.com,Male,105.65.160.4
853,Algernon,Rawson,arawsoni4@aboutads.info,Male,178.7.121.178
854,Quincy,Coolahan,qcoolahani5@yellowpages.com,Male,36.193.65.97
855,Cassie,Cassam,ccassami6@youku.com,Female,173.62.44.78
856,Julie,Galland,jgallandi7@cafepress.com,Male,61.129.162.4
857,Dewitt,Hindrich,dhindrichi8@cyberchimps.com,Male,180.244.100.22
858,Kliment,Manuely,kmanuelyi9@mit.edu,Male,202.49.93.39
859,Randy,Ketton,rkettonia@oakley.com,Bigender,36.177.245.19
860,Anthe,Albasiny,aalbasinyib@reuters.com,Female,141.0.106.20
861,Mariana,Rosenblatt,mrosenblattic@japanpost.jp,Female,7.144.219.153
862,Denys,Kment,dkmentid@vinaora.com,Female,102.119.147.251
863,Marinna,Gregore,mgregoreie@hud.gov,Female,149.8.28.2
864,Faina,Heiton,fheitonif@goo.gl,Female,97.57.25.199
865,Andrea,Saur,asaurig@foxnews.com,Male,175.162.124.70
866,Ariel,Kirkhouse,akirkhouseih@so-net.ne.jp,Male,106.61.129.36
867,Aldo,Iley,aileyii@networkadvertising.org,Male,233.158.215.233
868,Monroe,Duding,mdudingij@newsvine.com,Male,59.255.164.160
869,Addy,Huitt,ahuittik@disqus.com,Male,153.221.108.202
870,Neile,Spofford,nspoffordil@marriott.com,Female,243.12.44.241
871,Josy,Crother,jcrotherim@apple.com,Female,225.160.93.22
872,Irwinn,Penny,ipennyin@angelfire.com,Male,138.179.176.137
873,Sibbie,Fransson,sfranssonio@list-manage.com,Female,243.245.240.169
874,Kristo,Squirrell,ksquirrellip@jalbum.net,Male,241.81.113.214
875,Winifred,Skinner,wskinneriq@meetup.com,Female,101.20.160.186
876,Grace,Pechan,gpechanir@mozilla.org,Female,243.13.144.233
877,Hamil,Kennermann,hkennermannis@mail.ru,Bigender,195.21.58.254
878,Quincy,Flemyng,qflemyngit@i2i.jp,Genderfluid,110.66.231.215
879,Tracie,Quainton,tquaintoniu@163.com,Male,54.36.76.95
880,Alvina,Sharville,asharvilleiv@goo.ne.jp,Female,95.109.161.43
881,Marielle,Dwire,mdwireiw@posterous.com,Female,95.160.51.142
882,Gracie,Barracks,gbarracksix@fc2.com,Polygender,119.224.143.211
883,Rodolphe,Long,rlongiy@wordpress.com,Male,25.123.17.141
884,Noel,Curran,ncurraniz@gmpg.org,Female,125.157.127.94
885,Niven,Ellison,nellisonj0@ezinearticles.com,Male,96.201.254.11
886,Chevy,Galpin,cgalpinj1@washingtonpost.com,Male,251.196.200.176
887,Kenna,Charlon,kcharlonj2@xinhuanet.com,Female,24.233.186.140
888,Crysta,Demann,cdemannj3@cam.ac.uk,Female,102.204.99.49
889,Danielle,Harrowell,dharrowellj4@devhub.com,Female,86.12.78.60
890,Donal,Shaxby,dshaxbyj5@ft.com,Male,232.58.158.74
891,Briana,Lenoir,blenoirj6@ed.gov,Female,172.248.233.10
892,Alanson,Fierro,afierroj7@admin.ch,Male,80.235.38.114
893,Dukie,Robker,drobkerj8@devhub.com,Male,238.94.93.225
894,Ase,Withringten,awithringtenj9@t-online.de,Male,245.76.168.212
895,Justin,Boraston,jborastonja@nyu.edu,Male,223.154.144.116
896,Ernie,Lidyard,elidyardjb@europa.eu,Male,177.118.50.222
897,Piper,O'Shea,posheajc@nifty.com,Female,125.25.207.15
898,Jerad,Loyns,jloynsjd@icq.com,Male,205.193.48.128
899,Lari,Byrkmyr,lbyrkmyrje@time.com,Female,207.213.75.20
900,Sofia,Griston,sgristonjf@wp.com,Female,45.205.53.212
901,Felipe,Pozzi,fpozzijg@tuttocitta.it,Male,47.137.121.132
902,Murray,Yegorchenkov,myegorchenkovjh@ameblo.jp,Polygender,131.178.194.104
903,Cookie,Truswell,ctruswellji@quantcast.com,Female,93.2.133.118
904,Kristos,Coltherd,kcoltherdjj@is.gd,Male,30.120.95.224
905,Audrey,Server,aserverjk@i2i.jp,Female,189.234.93.167
906,Emlynne,Eykelhof,eeykelhofjl@ihg.com,Polygender,83.26.97.143
907,Leonid,Jirek,ljirekjm@si.edu,Genderfluid,100.7.43.105
908,Pete,Filan,pfilanjn@utexas.edu,Male,239.252.167.9
909,Adams,Klageman,aklagemanjo@aboutads.info,Male,77.165.61.181
910,Lia,Leverette,lleverettejp@home.pl,Female,93.143.84.142
911,Gualterio,Hartley,ghartleyjq@mediafire.com,Male,240.31.65.155
912,Emmerich,Spadelli,espadellijr@canalblog.com,Male,117.253.6.233
913,Guthrie,Prayer,gprayerjs@toplist.cz,Male,66.22.90.225
914,Jaquelyn,Hamilton,jhamiltonjt@nyu.edu,Female,31.136.190.253
915,Oralla,McGloin,omcgloinju@unc.edu,Female,46.138.4.159
916,Katrine,Ryding,krydingjv@walmart.com,Female,92.48.125.164
917,Sarene,Dillimore,sdillimorejw@printfriendly.com,Female,235.194.100.154
918,Alyce,Lindenbluth,alindenbluthjx@ask.com,Female,142.152.118.108
919,Kerrie,Tamblyn,ktamblynjy@yahoo.co.jp,Female,146.48.251.1
920,Normie,Dunnet,ndunnetjz@vkontakte.ru,Male,155.172.216.82
921,Marcelo,Bleier,mbleierk0@mapy.cz,Male,255.50.109.64
922,Loralyn,Bray,lbrayk1@unc.edu,Female,101.138.18.168
923,Seymour,Macknish,smacknishk2@pbs.org,Polygender,103.202.78.219
924,Leon,Althorpe,lalthorpek3@indiegogo.com,Male,163.170.125.105
925,Dale,Rothermel,drothermelk4@creativecommons.org,Female,132.250.115.199
926,Cosmo,Ashness,cashnessk5@fema.gov,Male,210.110.197.64
927,Preston,Silly,psillyk6@flickr.com,Male,78.245.8.57
928,Towney,Kinchington,tkinchingtonk7@tripadvisor.com,Male,77.199.111.174
929,Donia,Road,droadk8@vk.com,Female,82.0.142.116
930,Napoleon,Martlew,nmartlewk9@bigcartel.com,Male,147.178.39.134
931,Robinet,Durie,rdurieka@marketwatch.com,Male,108.227.95.248
932,Justine,Monelli,jmonellikb@dion.ne.jp,Female,170.238.246.30
933,Ansel,Dust,adustkc@paypal.com,Male,18.155.50.164
934,Gillie,Skiplorne,gskiplornekd@msn.com,Female,126.212.146.203
935,Janeva,Reolfi,jreolfike@soup.io,Female,65.201.24.200
936,Querida,Uren,qurenkf@tripadvisor.com,Female,252.74.165.65
937,Noll,Philipeaux,nphilipeauxkg@a8.net,Male,116.240.127.150
938,Barbra,Portigall,bportigallkh@dell.com,Female,169.240.240.197
939,Rory,Gerritzen,rgerritzenki@icio.us,Genderqueer,35.31.69.27
940,Shea,Males,smaleskj@vistaprint.com,Female,251.128.33.32
941,Ryan,Bamford,rbamfordkk@ftc.gov,Male,158.51.143.7
942,Sande,Candlin,scandlinkl@apple.com,Female,57.202.198.59
943,Brana,Nurny,bnurnykm@cocolog-nifty.com,Female,105.235.53.107
944,Nester,Maro,nmarokn@pen.io,Male,137.173.180.41
945,Bartolemo,Ladson,bladsonko@answers.com,Male,3.38.22.242
946,Court,Zelner,czelnerkp@1688.com,Male,25.124.0.209
947,Ulric,Henighan,uhenighankq@paypal.com,Male,213.240.141.191
948,Vicky,Najafian,vnajafiankr@craigslist.org,Female,217.228.143.170
949,Esta,Emtage,eemtageks@mlb.com,Genderfluid,36.112.40.172
950,Web,Braizier,wbraizierkt@de.vu,Male,185.86.250.209
951,Ardelle,Sanper,asanperku@bluehost.com,Female,129.51.173.61
952,Sadella,Bevans,sbevanskv@imgur.com,Female,105.128.205.68
953,Wilden,O'Duane,woduanekw@macromedia.com,Male,37.48.212.225
954,Jordana,Olenchikov,jolenchikovkx@google.ru,Female,72.169.101.164
955,Ambrosi,Dyzart,adyzartky@purevolume.com,Male,254.82.48.250
956,Bobinette,Pauluzzi,bpauluzzikz@amazon.co.uk,Polygender,20.73.108.46
957,Claiborn,Ingold,cingoldl0@xing.com,Male,180.227.207.114
958,Faythe,Chopping,fchoppingl1@apple.com,Agender,181.237.154.87
959,Ethelred,Ziemsen,eziemsenl2@wordpress.com,Male,168.183.253.209
960,Kev,Cruess,kcruessl3@bloglovin.com,Male,22.122.214.24
961,Obidiah,Eyckelbeck,oeyckelbeckl4@amazonaws.com,Male,75.124.14.249
962,Neddie,Tandey,ntandeyl5@ihg.com,Male,119.42.80.85
963,Tallulah,Jacombs,tjacombsl6@ucsd.edu,Female,31.202.151.169
964,Sella,Baily,sbailyl7@free.fr,Non-binary,32.140.152.16
965,Dita,Perrat,dperratl8@cbc.ca,Female,124.151.225.43
966,Lorant,Doxsey,ldoxseyl9@addtoany.com,Male,36.131.4.245
967,Abigael,Tugman,atugmanla@usda.gov,Bigender,121.237.78.200
968,Betteanne,McWhirter,bmcwhirterlb@opera.com,Female,76.71.38.120
969,Mendel,Gurg,mgurglc@php.net,Male,52.5.244.147
970,Allan,Niles,anilesld@wufoo.com,Male,254.173.125.109
971,Sonja,Shireff,sshireffle@earthlink.net,Female,200.36.173.151
972,Hersch,Scemp,hscemplf@symantec.com,Male,99.4.240.181
973,Evvy,Leftly,eleftlylg@drupal.org,Female,123.155.111.59
974,Madeleine,Marlow,mmarlowlh@mysql.com,Female,84.161.191.178
975,Price,Fawkes,pfawkesli@ezinearticles.com,Male,133.77.166.20
976,Eva,Strelitzer,estrelitzerlj@tmall.com,Female,18.224.117.248
977,Loni,MacKeague,lmackeaguelk@skype.com,Female,70.246.219.14
978,Brinna,Swanbourne,bswanbournell@ocn.ne.jp,Female,103.104.34.212
979,Arman,Michie,amichielm@yellowbook.com,Male,157.184.95.252
980,Jessee,Durno,jdurnoln@xinhuanet.com,Male,184.34.55.174
981,Dell,Willgress,dwillgresslo@twitter.com,Male,138.60.17.59
982,Dalt,Marshman,dmarshmanlp@ed.gov,Male,61.53.102.207
983,Mirabelle,Ottery,motterylq@mtv.com,Female,101.174.51.63
984,Gratiana,Dumphy,gdumphylr@tripod.com,Female,252.203.247.46
985,Gardener,Monahan,gmonahanls@1688.com,Male,162.174.207.198
986,Nickey,Berthe,nberthelt@digg.com,Male,63.143.8.173
987,Saxe,Nealey,snealeylu@over-blog.com,Male,79.54.130.119
988,Demetri,Danslow,ddanslowlv@quantcast.com,Male,24.175.230.108
989,Diego,Pogg,dpogglw@amazonaws.com,Male,237.61.92.89
990,Vickie,Matusiak,vmatusiaklx@ocn.ne.jp,Female,158.235.13.235
991,Gerri,Krates,gkratesly@answers.com,Male,145.224.139.84
992,Devland,Hartropp,dhartropplz@usatoday.com,Male,127.159.22.132
993,Terri-jo,McInility,tmcinilitym0@mtv.com,Female,73.20.254.195
994,Raddy,Ecclestone,recclestonem1@sphinn.com,Male,137.187.0.164
995,Natale,Dugget,nduggetm2@nih.gov,Male,65.143.209.105
996,Dieter,Erratt,derrattm3@pinterest.com,Male,207.136.122.118
997,Stephanie,Colaton,scolatonm4@adobe.com,Female,235.131.25.58
998,Everett,Orvis,eorvism5@biglobe.ne.jp,Male,218.74.234.183
999,Ingaberg,Closs,iclossm6@wikipedia.org,Female,125.79.110.183
1000,Thaddus,Bernardi,tbernardim7@bloglines.com,Male,52.11.38.54
1001,Ilene,Flower,iflowerm8@vkontakte.ru,Female,7.29.74.82
1002,Legra,McIlvenny,lmcilvennym9@wsj.com,Female,63.81.215.5
1003,Brittne,Danskine,bdanskinema@baidu.com,Female,178.20.24.73
1004,Herta,Brimley,hbrimleymb@gmpg.org,Female,246.233.80.135
1005,Cozmo,Nornasell,cnornasellmc@trellian.com,Male,121.29.141.106
1006,Corabella,Faltin,cfaltinmd@techcrunch.com,Female,215.220.200.49
1007,Paolo,Linzee,plinzeeme@barnesandnoble.com,Male,201.115.127.207
1008,Parker,Arminger,parmingermf@ow.ly,Male,90.243.66.146
1009,Liliane,Igonet,ligonetmg@clickbank.net,Female,6.133.3.10
1010,Bibbye,Abramowsky,babramowskymh@ftc.gov,Female,178.148.98.55
1011,Davidde,Barten,dbartenmi@bbb.org,Male,163.85.184.15
1012,Ignacius,Woehler,iwoehlermj@is.gd,Male,78.64.12.50
1013,Antonella,Janicki,ajanickimk@wordpress.org,Non-binary,38.143.49.43
1014,Sydelle,Luxen,sluxenml@theguardian.com,Female,159.177.150.113
1015,Isobel,Antonognoli,iantonognolimm@privacy.gov.au,Female,57.248.250.149
1016,Zane,McIlmorie,zmcilmoriemn@cnet.com,Male,102.104.242.159
1017,Gerry,Castletine,gcastletinemo@comcast.net,Female,214.246.174.124
1018,Melly,Bartoshevich,mbartoshevichmp@ocn.ne.jp,Female,79.206.60.203
1019,Konstantine,Streeter,kstreetermq@gmpg.org,Male,206.9.19.129
1020,Llywellyn,Tomaini,ltomainimr@pcworld.com,Male,208.240.21.93
1021,Lawry,Jelf,ljelfms@topsy.com,Male,93.165.100.167
1022,Claudia,Stiddard,cstiddardmt@about.com,Female,131.253.162.198
1023,Clareta,Grills,cgrillsmu@wikia.com,Polygender,175.150.8.239
1024,Vergil,Hallmark,vhallmarkmv@sbwire.com,Male,160.131.12.189
1025,Cesar,Dunderdale,cdunderdalemw@shop-pro.jp,Genderqueer,221.84.211.202
1026,Elfie,Eveque,eevequemx@reference.com,Female,220.205.253.250
1027,Kendal,Pellissier,kpellissiermy@amazon.co.jp,Male,54.181.152.27
1028,Yoko,Esch,yeschmz@fastcompany.com,Female,220.188.164.99
1029,Adele,Aberdeen,aaberdeenn0@japanpost.jp,Female,164.14.54.90
1030,Wilmar,Rough,wroughn1@biglobe.ne.jp,Male,129.183.149.101
1031,Ed,Philippon,ephilipponn2@nifty.com,Male,63.208.188.166
1032,Bowie,Dymott,bdymottn3@ebay.com,Male,147.90.121.98
1033,Celinda,Orlton,corltonn4@taobao.com,Genderqueer,90.131.240.12
1034,Merrilee,Heinsh,mheinshn5@columbia.edu,Female,196.61.162.36
1035,Lia,Hedan,lhedann6@sun.com,Female,38.146.39.56
1036,Kore,Wicks,kwicksn7@yandex.ru,Female,129.140.133.136
1037,Tillie,Wibberley,twibberleyn8@icio.us,Female,241.112.171.80
1038,Roxanne,Ivett,rivettn9@google.es,Female,63.175.132.196
1039,Raffaello,Skurray,rskurrayna@bloomberg.com,Male,133.138.70.250
1040,Shawnee,Pateman,spatemannb@elegantthemes.com,Female,27.180.150.185
1041,Dalenna,Linguard,dlinguardnc@fc2.com,Female,245.219.35.136
1042,Benny,Bratch,bbratchnd@last.fm,Male,238.69.237.107
1043,Caye,Sabater,csabaterne@wp.com,Female,232.127.255.168
1044,Brett,Rushforth,brushforthnf@instagram.com,Female,221.208.38.201
1045,Giacomo,Geddis,ggeddisng@bing.com,Male,86.222.168.14
1046,Rhetta,Draysay,rdraysaynh@netvibes.com,Female,57.185.185.50
1047,Alessandro,Semonin,asemoninni@newsvine.com,Genderqueer,157.148.196.35
1048,Nichole,Martinson,nmartinsonnj@smugmug.com,Male,211.67.236.11
1049,Alaster,Pietron,apietronnk@theglobeandmail.com,Male,103.104.91.84
1050,Gualterio,Olekhov,golekhovnl@barnesandnoble.com,Male,197.209.225.117
1051,Rosemarie,Raspison,rraspisonnm@biglobe.ne.jp,Female,96.26.65.59
1052,Rurik,Drennan,rdrennannn@google.com.br,Male,7.203.107.135
1053,Amble,Angelo,aangelono@yellowpages.com,Male,183.252.14.183
1054,Fayette,Yurchishin,fyurchishinnp@phoca.cz,Female,166.101.21.128
1055,Kassey,Rabbitt,krabbittnq@reuters.com,Female,20.232.246.211
1056,Woodrow,Selburn,wselburnnr@earthlink.net,Male,117.88.171.90
1057,Merl,Elix,melixns@mozilla.org,Female,8.100.17.64
1058,Hobie,Saurat,hsauratnt@pbs.org,Male,222.220.229.136
1059,Lindie,Toe,ltoenu@artisteer.com,Agender,58.67.168.15
1060,Kakalina,Hentze,khentzenv@twitter.com,Female,198.221.237.70
1061,Sheridan,Stuchberry,sstuchberrynw@auda.org.au,Male,20.212.224.61
1062,Boote,Tritton,btrittonnx@amazon.com,Male,178.209.101.99
1063,Almire,Andor,aandorny@miibeian.gov.cn,Female,34.155.49.21
1064,Keelby,Galpen,kgalpennz@fastcompany.com,Male,158.236.189.103
1065,Hillary,Schankelborg,hschankelborgo0@unc.edu,Female,186.85.161.46
1066,Arlinda,MacGovern,amacgoverno1@opera.com,Female,101.92.144.125
1067,Dacey,Neilus,dneiluso2@typepad.com,Female,108.51.209.146
1068,Debora,Carlyon,dcarlyono3@nba.com,Female,115.4.132.205
1069,Kristan,Hollingdale,khollingdaleo4@fastcompany.com,Female,83.228.170.235
1070,Petronilla,Jerrard,pjerrardo5@theglobeandmail.com,Female,148.228.8.122
1071,Rhody,Ridehalgh,rridehalgho6@mapy.cz,Female,238.11.108.185
1072,Wanda,Toffolo,wtoffoloo7@sina.com.cn,Female,183.15.234.47
1073,Jase,Goldsby,jgoldsbyo8@google.fr,Male,85.51.99.57
1074,Gilemette,Barrett,gbarretto9@printfriendly.com,Female,156.108.71.165
1075,Axel,Veall,avealloa@live.com,Male,1.157.39.137
1076,Janine,Cleveland,jclevelandob@reference.com,Female,104.96.176.236
1077,Annamaria,Pisco,apiscooc@i2i.jp,Female,255.115.107.89
1078,Clarinda,Silberschatz,csilberschatzod@cnn.com,Female,48.173.123.117
1079,Peta,Glazzard,pglazzardoe@mtv.com,Female,221.132.92.57
1080,Brig,Oldridge,boldridgeof@yahoo.com,Male,99.1.127.217
1081,Skipper,Gemlett,sgemlettog@youku.com,Male,49.136.115.179
1082,Cody,Latchmore,clatchmoreoh@ask.com,Male,38.115.42.123
1083,Leonid,Cleveland,lclevelandoi@timesonline.co.uk,Male,201.100.194.65
1084,Tiphanie,Lune,tluneoj@privacy.gov.au,Female,84.70.87.175
1085,Mordecai,Werner,mwernerok@stanford.edu,Male,223.42.115.147
1086,Cammi,Sneddon,csneddonol@elpais.com,Genderqueer,29.13.100.8
1087,Carolina,Monte,cmonteom@acquirethisname.com,Female,114.58.102.76
1088,Obidiah,Waterson,owatersonon@wsj.com,Male,190.166.156.149
1089,Tallie,Grigoriscu,tgrigoriscuoo@joomla.org,Male,131.66.62.118
1090,Arabella,Foot,afootop@instagram.com,Female,242.33.76.66
1091,Correy,Simmonds,csimmondsoq@deliciousdays.com,Female,244.62.215.36
1092,Wyn,Challis,wchallisor@amazonaws.com,Male,228.207.199.247
1093,Rudd,Espinal,respinalos@facebook.com,Male,108.135.31.118
1094,Corey,Sainsbury-Brown,csainsburybrownot@ftc.gov,Male,209.159.108.200
1095,Cooper,Thunders,cthundersou@about.me,Male,68.101.0.92
1096,Guillemette,Bert,gbertov@zdnet.com,Polygender,10.62.40.50
1097,Bastian,Dunbobin,bdunbobinow@discovery.com,Polygender,228.171.117.183
1098,Diannne,Ceney,dceneyox@cam.ac.uk,Female,68.168.138.128
1099,Archer,Menchenton,amenchentonoy@ihg.com,Male,148.5.224.57
1100,Lesley,Povlsen,lpovlsenoz@utexas.edu,Male,37.148.2.16
1101,Clemente,Tudball,ctudballp0@spotify.com,Male,252.225.148.74
1102,Moore,Lumby,mlumbyp1@soup.io,Male,150.56.97.162
1103,Raimondo,Allcock,rallcockp2@squidoo.com,Male,189.126.59.228
1104,Adamo,Britee,abriteep3@google.nl,Male,156.107.157.161
1105,Christoforo,Aleksandrev,caleksandrevp4@163.com,Male,52.84.21.162
1106,Zebulon,Castleton,zcastletonp5@springer.com,Male,225.95.6.152
1107,Richart,Jacqueminet,rjacqueminetp6@drupal.org,Male,166.5.249.15
1108,Melamie,Willes,mwillesp7@walmart.com,Female,197.235.86.108
1109,Averyl,Verbruggen,averbruggenp8@ca.gov,Female,96.124.243.184
1110,Emmy,Mulvin,emulvinp9@woothemes.com,Male,163.163.20.84
1111,Claudette,Dupoy,cdupoypa@parallels.com,Female,162.208.138.190
1112,Aurel,O'Hagan,aohaganpb@pbs.org,Female,239.63.202.147
1113,Albertine,Beedell,abeedellpc@bloglines.com,Female,174.157.120.163
1114,Flori,Purchall,fpurchallpd@booking.com,Female,10.92.110.127
1115,Veriee,Regorz,vregorzpe@exblog.jp,Female,243.224.87.15
1116,Melli,Simson,msimsonpf@house.gov,Female,128.253.235.5
1117,Petrina,Luckwell,pluckwellpg@deliciousdays.com,Female,147.226.185.127
1118,Clayton,Aitchison,caitchisonph@usgs.gov,Male,135.74.117.113
1119,Arni,Rasp,arasppi@amazon.com,Male,137.198.247.177
1120,Lynna,Cello,lcellopj@ed.gov,Female,205.236.79.119
1121,Alwin,Matyasik,amatyasikpk@howstuffworks.com,Male,58.157.128.237
1122,Eliza,Macias,emaciaspl@springer.com,Female,100.26.102.73
1123,Benjie,Buie,bbuiepm@smh.com.au,Male,226.207.178.249
1124,Omero,Taberner,otabernerpn@issuu.com,Male,65.54.213.108
1125,Rebekkah,McInnes,rmcinnespo@yahoo.co.jp,Female,50.248.3.166
1126,Rusty,Pardue,rparduepp@mapy.cz,Male,148.35.245.78
1127,Savina,Fashion,sfashionpq@instagram.com,Female,32.134.185.168
1128,Kareem,Forshaw,kforshawpr@va.gov,Male,121.76.174.102
1129,Faustine,Fessier,ffessierps@slideshare.net,Female,57.105.103.151
1130,Monte,Mulqueeny,mmulqueenypt@prweb.com,Male,172.157.40.101
1131,Hew,Coda,hcodapu@typepad.com,Male,49.85.169.186
1132,Tabbie,McCloid,tmccloidpv@ow.ly,Female,65.111.96.232
1133,Arlette,Pauncefort,apauncefortpw@exblog.jp,Female,84.194.239.204
1134,Myrtle,Reede,mreedepx@opensource.org,Female,240.244.245.19
1135,Kamilah,Neads,kneadspy@symantec.com,Female,72.154.209.68
1136,Shaun,Itzcovichch,sitzcovichchpz@skyrock.com,Male,51.42.190.116
1137,Bee,Stinton,bstintonq0@unicef.org,Female,77.48.132.94
1138,Kat,Mullin,kmullinq1@patch.com,Female,90.247.71.117
1139,Bentley,Coite,bcoiteq2@netvibes.com,Male,13.239.230.56
1140,Hakim,Jenkinson,hjenkinsonq3@wordpress.com,Male,41.196.135.205
1141,Nealon,Sebire,nsebireq4@yolasite.com,Male,230.120.94.174
1142,Nancee,Farrears,nfarrearsq5@printfriendly.com,Female,1.64.215.100
1143,Hube,Box,hboxq6@usa.gov,Male,53.148.140.248
1144,Ursola,Sleit,usleitq7@reuters.com,Female,79.3.19.141
1145,Gabriela,Longley,glongleyq8@merriam-webster.com,Female,107.201.0.89
1146,Etienne,Liddall,eliddallq9@cbsnews.com,Genderqueer,58.207.21.84
1147,August,Aven,aavenqa@yandex.ru,Male,84.15.20.218
1148,Euphemia,Mouton,emoutonqb@ebay.co.uk,Female,219.191.136.33
1149,Traver,Pitceathly,tpitceathlyqc@cocolog-nifty.com,Male,15.255.186.219
1150,Dyanna,Espino,despinoqd@google.pl,Female,121.105.225.13
1151,Torey,Charge,tchargeqe@tinypic.com,Male,222.144.132.144
1152,Melony,Broad,mbroadqf@fc2.com,Female,35.90.231.36
1153,Barty,Podbury,bpodburyqg@qq.com,Agender,254.182.201.156
1154,Vanda,Hammond,vhammondqh@craigslist.org,Female,9.184.143.18
1155,Milena,Mottinelli,mmottinelliqi@vkontakte.ru,Female,105.107.22.45
1156,Rodrique,Mauchline,rmauchlineqj@google.com,Male,135.23.186.43
1157,Anni,Jansens,ajansensqk@ezinearticles.com,Female,136.133.183.4
1158,Nanete,Kurten,nkurtenql@amazonaws.com,Female,172.4.108.108
1159,Adelina,Scott,ascottqm@intel.com,Non-binary,143.4.176.62
1160,Emlynne,Spalding,espaldingqn@webnode.com,Female,83.228.130.200
1161,Letizia,McGrirl,lmcgrirlqo@mashable.com,Female,128.133.189.35
1162,Bill,Coleman,bcolemanqp@prweb.com,Female,72.25.138.164
1163,Kerrie,Beckingham,kbeckinghamqq@macromedia.com,Female,197.65.71.255
1164,Morena,Bernhart,mbernhartqr@mediafire.com,Female,238.122.206.129
1165,Krysta,McKerrow,kmckerrowqs@netvibes.com,Female,238.176.45.102
1166,Edmon,MacCombe,emaccombeqt@i2i.jp,Male,45.88.58.134
1167,Adel,Robey,arobeyqu@macromedia.com,Female,38.22.216.150
1168,Mindy,Minster,mminsterqv@icio.us,Female,63.104.203.150
1169,Lana,Birdseye,lbirdseyeqw@engadget.com,Female,75.162.234.104
1170,Marmaduke,Spacy,mspacyqx@mysql.com,Genderfluid,29.76.75.142
1171,Umberto,Dummett,udummettqy@google.pl,Male,123.194.19.84
1172,Phyllis,Tomasini,ptomasiniqz@blogtalkradio.com,Female,107.242.44.1
1173,Sherlocke,Markwell,smarkwellr0@wp.com,Male,99.197.102.249
1174,Sindee,Kemble,skembler1@ustream.tv,Female,164.139.237.170
1175,Glenn,Ballay,gballayr2@omniture.com,Male,158.4.150.145
1176,Bowie,Doel,bdoelr3@shutterfly.com,Male,223.56.121.82
1177,Nellie,Bunclark,nbunclarkr4@kickstarter.com,Bigender,163.254.10.214
1178,Lanie,Sowray,lsowrayr5@topsy.com,Agender,139.26.15.157
1179,Maxy,Aulsford,maulsfordr6@is.gd,Male,142.110.172.98
1180,Lothaire,Buswell,lbuswellr7@google.com.hk,Male,238.73.47.199
1181,Osgood,Pearne,opearner8@amazon.com,Agender,192.113.132.177
1182,Scot,Abbess,sabbessr9@meetup.com,Male,116.118.242.110
1183,Kriste,Bentame,kbentamera@gizmodo.com,Female,29.167.234.21
1184,Rania,Tunnick,rtunnickrb@facebook.com,Female,54.229.115.35
1185,Care,Oiseau,coiseaurc@exblog.jp,Male,185.240.156.192
1186,Boothe,Wykey,bwykeyrd@netscape.com,Male,246.133.151.233
1187,Brion,McManamon,bmcmanamonre@timesonline.co.uk,Male,141.143.234.118
1188,Millicent,McCloy,mmccloyrf@sohu.com,Female,214.53.248.184
1189,Dredi,Ingles,dinglesrg@elegantthemes.com,Female,109.77.25.12
1190,Aldo,Sandison,asandisonrh@ted.com,Genderfluid,158.21.110.203
1191,Meredith,Redwing,mredwingri@meetup.com,Female,247.252.128.113
1192,Jude,Lewens,jlewensrj@surveymonkey.com,Non-binary,216.159.210.148
1193,Di,Bellew,dbellewrk@latimes.com,Female,216.187.128.143
1194,Jerald,Pacher,jpacherrl@bloomberg.com,Male,52.234.240.51
1195,Haskel,Rumble,hrumblerm@whitehouse.gov,Male,130.188.143.247
1196,Johnette,Yakolev,jyakolevrn@arizona.edu,Polygender,253.160.133.68
1197,Barrie,Sherme,bshermero@nydailynews.com,Male,123.146.47.207
1198,Keely,Foard,kfoardrp@ycombinator.com,Female,88.1.180.253
1199,Waneta,Reichelt,wreicheltrq@virginia.edu,Female,75.6.61.46
1200,Tracey,Jarrard,tjarrardrr@rambler.ru,Male,73.236.81.159
